case,path,sample,h2d_bytes,h2d_calls,gemms,dma_ms,model_gemm_ms,dma_gemm_overlap_ms,model_gpu_ms,dma_model_overlap_ms
llm_prefill,sym_blocking,0,50479104,32,25,3.896092,2.513308,0.0,2.859835,0.0
llm_prefill,sym_serial,0,50479104,32,25,4.077534,2.516827,0.0,2.86547,0.0
llm_prefill,sym_prefetch,0,50479104,32,25,3.918913,2.516482,0.0,2.864576,0.0
llm_prefill,torch_serial,0,50479104,32,25,4.01859,2.517406,0.0,2.868163,0.0
llm_prefill,torch_prefetch,0,50479104,32,25,3.924386,2.83715,1.020897,3.223546,1.164128
llm_prefill,inductor_serial,0,50479104,32,25,3.929434,2.518525,0.0,2.863069,0.0
llm_prefill,inductor_prefetch,0,50479104,32,25,3.913567,2.518972,0.381504,2.86454,0.393568
llm_prefill,sym_serial,1,50479104,32,25,4.0807,2.514653,0.0,2.864761,0.0
llm_prefill,sym_prefetch,1,50479104,32,25,3.919036,2.516475,0.0,2.864633,0.0
llm_prefill,torch_serial,1,50479104,32,25,4.015453,2.516157,0.0,2.866688,0.0
llm_prefill,torch_prefetch,1,50479104,32,25,3.920732,2.799582,1.021919,3.186243,1.15485
llm_prefill,inductor_serial,1,50479104,32,25,3.929406,2.520575,0.0,2.864321,0.0
llm_prefill,inductor_prefetch,1,50479104,32,25,3.913339,2.519166,0.385824,2.863103,0.397729
llm_prefill,sym_blocking,1,50479104,32,25,3.896063,2.515262,0.0,2.857343,0.0
llm_prefill,sym_prefetch,2,50479104,32,25,3.918396,2.519134,0.0,2.866333,0.0
llm_prefill,torch_serial,2,50479104,32,25,4.019772,2.518879,0.0,2.868253,0.0
llm_prefill,torch_prefetch,2,50479104,32,25,3.921151,2.748989,0.991838,3.137916,1.127164
llm_prefill,inductor_serial,2,50479104,32,25,3.929758,2.518909,0.0,2.864121,0.0
llm_prefill,inductor_prefetch,2,50479104,32,25,3.912475,2.518398,0.339744,2.865857,0.35136
llm_prefill,sym_blocking,2,50479104,32,25,3.8959,2.517528,0.0,2.860541,0.0
llm_prefill,sym_serial,2,50479104,32,25,4.080864,2.514973,0.0,2.863357,0.0
llm_long_prefill,sym_blocking,0,50479104,32,25,3.894814,9.515961,0.0,13.552023,0.0
llm_long_prefill,sym_serial,0,50479104,32,25,4.075072,9.51843,0.0,13.541755,0.0
llm_long_prefill,sym_prefetch,0,50479104,32,25,3.968957,9.917403,0.802849,13.976955,2.233727
llm_long_prefill,torch_serial,0,50479104,32,25,4.008506,9.575383,0.0,13.603926,0.0
llm_long_prefill,torch_prefetch,0,50479104,32,25,3.95046,10.307673,1.992222,14.411987,2.329532
llm_long_prefill,inductor_serial,0,50479104,32,25,3.930622,9.648887,0.0,13.670865,0.0
llm_long_prefill,inductor_prefetch,0,50479104,32,25,3.945794,10.223992,0.904319,14.360564,2.609087
llm_long_prefill,sym_serial,1,50479104,32,25,4.0727,9.687321,0.0,13.724249,0.0
llm_long_prefill,sym_prefetch,1,50479104,32,25,3.954976,10.016187,0.987968,14.089243,2.544351
llm_long_prefill,torch_serial,1,50479104,32,25,4.01334,9.859929,0.0,13.884537,0.0
llm_long_prefill,torch_prefetch,1,50479104,32,25,3.94624,10.351223,1.991872,14.455577,2.323202
llm_long_prefill,inductor_serial,1,50479104,32,25,3.930335,9.652852,0.0,13.691957,0.0
llm_long_prefill,inductor_prefetch,1,50479104,32,25,3.962496,10.055511,0.898305,14.183672,2.607389
llm_long_prefill,sym_blocking,1,50479104,32,25,3.892605,9.576824,0.0,13.605464,0.0
llm_long_prefill,sym_prefetch,2,50479104,32,25,3.963005,10.08697,0.80627,14.159699,2.298719
llm_long_prefill,torch_serial,2,50479104,32,25,4.010688,9.638842,0.0,13.67017,0.0
llm_long_prefill,torch_prefetch,2,50479104,32,25,3.943325,10.305978,1.995231,14.410458,2.312385
llm_long_prefill,inductor_serial,2,50479104,32,25,3.930144,9.840506,0.0,13.86972,0.0
llm_long_prefill,inductor_prefetch,2,50479104,32,25,3.956444,9.934779,1.137407,14.064957,2.417405
llm_long_prefill,sym_blocking,2,50479104,32,25,3.893178,9.73241,0.0,13.754173,0.0
llm_long_prefill,sym_serial,2,50479104,32,25,4.073696,9.603575,0.0,13.641906,0.0
moe_large,sym_blocking,0,67305472,64,34,5.208699,10.798844,0.0,13.145979,0.0
moe_large,sym_serial,0,67305472,64,34,5.327229,10.904604,0.0,13.252514,0.0
moe_large,sym_prefetch,0,67305472,64,34,5.266624,10.933755,1.96192,13.303794,2.600224
moe_large,torch_serial,0,67305472,64,34,5.26259,10.881947,0.0,13.225793,0.0
moe_large,torch_prefetch,0,67305472,64,34,5.275711,11.885536,3.909985,14.276578,4.317857
moe_large,inductor_serial,0,67305472,64,34,5.249335,11.063035,0.0,13.402018,0.0
moe_large,inductor_prefetch,0,67305472,64,34,5.269852,10.997754,3.315102,13.360848,4.169312
moe_large,sym_serial,1,67305472,64,34,5.324157,10.792698,0.0,13.150044,0.0
moe_large,sym_prefetch,1,67305472,64,34,5.264223,10.879932,2.09344,13.254808,2.730624
moe_large,torch_serial,1,67305472,64,34,5.264155,10.737918,0.0,13.083735,0.0
moe_large,torch_prefetch,1,67305472,64,34,5.275871,11.820764,3.778813,14.213749,4.272866
moe_large,inductor_serial,1,67305472,64,34,5.247621,10.736987,0.0,13.075608,0.0
moe_large,inductor_prefetch,1,67305472,64,34,5.257506,10.842106,3.059713,13.203545,4.161956
moe_large,sym_blocking,1,67305472,64,34,5.20781,10.7256,0.0,13.069987,0.0
moe_large,sym_prefetch,2,67305472,64,34,5.259839,10.75526,1.554367,13.126452,2.156382
moe_large,torch_serial,2,67305472,64,34,5.264699,10.767035,0.0,13.113468,0.0
moe_large,torch_prefetch,2,67305472,64,34,5.27581,11.774714,4.021953,14.167615,4.392031
moe_large,inductor_serial,2,67305472,64,34,5.2487,10.73612,0.0,13.074903,0.0
moe_large,inductor_prefetch,2,67305472,64,34,5.260512,10.805211,3.07904,13.165952,4.146175
moe_large,sym_blocking,2,67305472,64,34,5.206878,10.704958,0.0,13.050846,0.0
moe_large,sym_serial,2,67305472,64,34,5.326398,10.706207,0.0,13.046754,0.0
