machine,gpu,method,transform,N,dtype_out,r,threads,chunk_req_mib,staging_bytes,n_chunks,median_ms,min_ms,p95_ms,iqr_over_median_pct,unstable,effective_input_GBps,gpu_pipeline_ms,cpu_stage_ms,h2d_ms,gpu_kernel_ms,gpu_recv_ms,verified,variant,wire,h2d_occupancy
epyc7351-2080ti,NVIDIA GeForce RTX 2080 Ti,a,nchw_nhwc_quant,16384,s8,0.25,1,4,4194304,64,2062.58,2048.32,2266.42,1.99329,0,0.520583,2062.56,2059.68,21.7632,0,0,1,matrix,s8,0.010581
epyc7351-2080ti,NVIDIA GeForce RTX 2080 Ti,b,nchw_nhwc_quant,16384,s8,0.25,1,4,4194304,256,159.99,159.297,168.04,0.761538,0,6.7113,159.982,147.713,83.7052,8.74742,0,1,matrix,s8,0.523323
epyc7351-2080ti,NVIDIA GeForce RTX 2080 Ti,b_fair,nchw_nhwc_quant,16384,s8,0.25,1,4,4194304,256,92.0354,92.0257,92.0507,0.00800092,0,11.6666,92.0268,0,82.8747,8.74621,0,1,matrix,s8,0.900554
epyc7351-2080ti,NVIDIA GeForce RTX 2080 Ti,b_pipelined,nchw_nhwc_quant,16384,s8,0.25,1,4,4194304,256,83.4192,83.4084,83.4364,0.0102994,0,12.8716,83.4111,0,82.9568,11.5515,0,1,matrix,s8,0.994543
epyc7351-2080ti,NVIDIA GeForce RTX 2080 Ti,a,nchw_nhwc_quant,16384,s8,0.25,1,16,16777216,16,2055.11,2047.64,2139.68,2.18918,0,0.522474,2055.1,2053.11,20.8586,0,0,1,matrix,s8,0.0101569
epyc7351-2080ti,NVIDIA GeForce RTX 2080 Ti,b,nchw_nhwc_quant,16384,s8,0.25,1,16,16777216,64,108.151,107.898,108.882,0.401776,0,9.92816,108.143,96.0154,83.0622,8.79278,0,1,matrix,s8,0.768026
epyc7351-2080ti,NVIDIA GeForce RTX 2080 Ti,b_fair,nchw_nhwc_quant,16384,s8,0.25,1,16,16777216,64,91.2057,91.1965,91.2176,0.00532147,0,11.7727,91.1974,0,82.3,8.79302,0,1,matrix,s8,0.902437
epyc7351-2080ti,NVIDIA GeForce RTX 2080 Ti,b_pipelined,nchw_nhwc_quant,16384,s8,0.25,1,16,16777216,64,82.589,82.5827,82.5995,0.0070057,0,13.001,82.5824,0,82.3273,9.76582,0,1,matrix,s8,0.996919
epyc7351-2080ti,NVIDIA GeForce RTX 2080 Ti,a,nchw_nhwc_quant,16384,s8,0.25,1,64,67108864,4,2053.63,2050.81,2143.63,0.446358,0,0.522852,2053.61,2048.29,20.6141,0,0,1,matrix,s8,0.0100377
epyc7351-2080ti,NVIDIA GeForce RTX 2080 Ti,b,nchw_nhwc_quant,16384,s8,0.25,1,64,67108864,16,109.481,109.294,110.219,0.232029,0,9.8076,109.471,94.9855,82.2745,8.79362,0,1,matrix,s8,0.751615
epyc7351-2080ti,NVIDIA GeForce RTX 2080 Ti,b_fair,nchw_nhwc_quant,16384,s8,0.25,1,64,67108864,16,90.9867,90.9812,90.9953,0.00749857,0,11.8011,90.9783,0,82.1557,8.7937,0,1,matrix,s8,0.903035
epyc7351-2080ti,NVIDIA GeForce RTX 2080 Ti,b_pipelined,nchw_nhwc_quant,16384,s8,0.25,1,64,67108864,16,82.7706,82.7574,82.779,0.0101007,0,12.9725,82.7628,0,82.1694,9.07722,0,1,matrix,s8,0.992841
epyc7351-2080ti,NVIDIA GeForce RTX 2080 Ti,a,nchw_nhwc_quant,16384,s8,0.25,1,256,268435456,1,2067.07,2065.95,2138.47,0.431581,0,0.519452,2067.05,2046.49,20.5498,0,0,1,matrix,s8,0.00994304
epyc7351-2080ti,NVIDIA GeForce RTX 2080 Ti,b,nchw_nhwc_quant,16384,s8,0.25,1,256,268435456,4,125.616,125.434,126.311,0.15784,0,8.5478,125.607,96.1511,82.0902,8.79282,0,1,matrix,s8,0.653546
epyc7351-2080ti,NVIDIA GeForce RTX 2080 Ti,b_fair,nchw_nhwc_quant,16384,s8,0.25,1,256,268435456,4,90.9304,90.9185,90.9402,0.00625541,0,11.8084,90.9229,0,82.119,8.79408,0,1,matrix,s8,0.903173
epyc7351-2080ti,NVIDIA GeForce RTX 2080 Ti,b_pipelined,nchw_nhwc_quant,16384,s8,0.25,1,256,268435456,4,84.3541,84.3447,84.3646,0.0107104,0,12.729,84.3476,0,82.1275,8.89107,0,1,matrix,s8,0.973677
epyc7351-2080ti,NVIDIA GeForce RTX 2080 Ti,a,blocked_transpose,2048,f32,1,1,4,4194304,4,2.73547,2.70635,2.76148,0.648017,0,6.13321,2.72875,2.34877,1.31509,0,0,1,matrix,f32,0.482379
epyc7351-2080ti,NVIDIA GeForce RTX 2080 Ti,b,blocked_transpose,2048,f32,1,1,4,4194304,4,2.74005,2.7157,2.7676,0.684126,0,6.12295,2.73283,2.25137,1.31341,0.102624,0,1,matrix,f32,0.481027
epyc7351-2080ti,NVIDIA GeForce RTX 2080 Ti,b_fair,blocked_transpose,2048,f32,1,1,4,4194304,4,1.41799,1.38955,1.42353,0.386146,0,11.8317,1.41246,0,1.2987,0.100784,0,1,matrix,f32,0.91988
epyc7351-2080ti,NVIDIA GeForce RTX 2080 Ti,b_pipelined,blocked_transpose,2048,f32,1,1,4,4194304,4,1.33829,1.33613,1.33994,0.076926,0,12.5363,1.3333,0,1.29675,0.099744,0,1,matrix,f32,0.972781
epyc7351-2080ti,NVIDIA GeForce RTX 2080 Ti,a,blocked_transpose,2048,f32,1,1,16,16777216,1,3.50389,3.47691,3.53474,0.48581,0,4.78816,3.49698,2.18702,1.2995,0,0,1,matrix,f32,0.37158
epyc7351-2080ti,NVIDIA GeForce RTX 2080 Ti,b,blocked_transpose,2048,f32,1,1,16,16777216,1,2.64926,2.63551,2.66171,0.23845,0,6.3328,2.64171,1.24989,1.30035,0.080416,0,1,matrix,f32,0.492094
epyc7351-2080ti,NVIDIA GeForce RTX 2080 Ti,b_fair,blocked_transpose,2048,f32,1,1,16,16777216,1,1.37744,1.37622,1.37851,0.0547825,0,12.18,1.37214,0,1.28826,0.078688,0,1,matrix,f32,0.938899
epyc7351-2080ti,NVIDIA GeForce RTX 2080 Ti,b_pipelined,blocked_transpose,2048,f32,1,1,16,16777216,1,1.3767,1.37588,1.3782,0.0684587,0,12.1866,1.37154,0,1.28704,0.074304,0,1,matrix,f32,0.938389
epyc7351-2080ti,NVIDIA GeForce RTX 2080 Ti,a,blocked_transpose,4096,f32,1,1,4,4194304,16,9.67227,9.61779,9.72471,0.643563,0,6.93828,9.66528,9.12279,5.24603,0,0,1,matrix,f32,0.542762
epyc7351-2080ti,NVIDIA GeForce RTX 2080 Ti,b,blocked_transpose,4096,f32,1,1,4,4194304,16,9.87657,9.78279,16.571,1.007,0,6.79476,9.86949,9.04392,5.24787,0.288048,0,1,matrix,f32,0.53124
epyc7351-2080ti,NVIDIA GeForce RTX 2080 Ti,b_fair,blocked_transpose,4096,f32,1,1,4,4194304,16,5.51232,5.50745,5.51443,0.043931,0,12.1743,5.50682,0,5.18278,0.292928,0,1,matrix,f32,0.941237
epyc7351-2080ti,NVIDIA GeForce RTX 2080 Ti,b_pipelined,blocked_transpose,4096,f32,1,1,4,4194304,16,5.24769,5.24081,5.25164,0.0430115,0,12.7883,5.2421,0,5.18453,0.41304,0,1,matrix,f32,0.988893
epyc7351-2080ti,NVIDIA GeForce RTX 2080 Ti,a,blocked_transpose,4096,f32,1,1,16,16777216,4,10.375,10.3192,10.4232,0.277113,0,6.4683,10.368,8.96238,5.19133,0,0,1,matrix,f32,0.500705
epyc7351-2080ti,NVIDIA GeForce RTX 2080 Ti,b,blocked_transpose,4096,f32,1,1,16,16777216,4,7.52981,7.50863,7.55459,0.224843,0,8.91242,7.5216,5.83483,5.19126,0.288016,0,1,matrix,f32,0.690213
epyc7351-2080ti,NVIDIA GeForce RTX 2080 Ti,b_fair,blocked_transpose,4096,f32,1,1,16,16777216,4,5.44992,5.44801,5.45548,0.0342038,0,12.3137,5.44374,0,5.1464,0.287984,0,1,matrix,f32,0.945323
epyc7351-2080ti,NVIDIA GeForce RTX 2080 Ti,b_pipelined,blocked_transpose,4096,f32,1,1,16,16777216,4,5.23929,5.23733,5.24264,0.0355196,0,12.8088,5.2339,0,5.14608,0.315072,0,1,matrix,f32,0.983274
epyc7351-2080ti,NVIDIA GeForce RTX 2080 Ti,a,blocked_transpose,4096,f32,1,1,64,67108864,1,13.4985,13.4341,13.5572,0.33653,0,4.97156,13.49,8.33106,5.14795,0,0,1,matrix,f32,0.381664
epyc7351-2080ti,NVIDIA GeForce RTX 2080 Ti,b,blocked_transpose,4096,f32,1,1,64,67108864,1,10.4501,10.4363,10.4763,0.146734,0,6.42184,10.4434,4.99387,5.14942,0.287792,0,1,matrix,f32,0.493101
epyc7351-2080ti,NVIDIA GeForce RTX 2080 Ti,b_fair,blocked_transpose,4096,f32,1,1,64,67108864,1,5.43586,5.43385,5.45823,0.0533166,0,12.3456,5.43046,0,5.13712,0.288112,0,1,matrix,f32,0.946066
epyc7351-2080ti,NVIDIA GeForce RTX 2080 Ti,b_pipelined,blocked_transpose,4096,f32,1,1,64,67108864,1,5.43522,5.43365,5.43884,0.0217924,0,12.347,5.42982,0,5.1359,0.285744,0,1,matrix,f32,0.945871
epyc7351-2080ti,NVIDIA GeForce RTX 2080 Ti,a,convert_f16,2048,f16,0.5,1,4,4194304,2,1.81906,1.80073,1.84373,1.21984,0,9.22299,1.81067,1.45007,0.666464,0,0,1,matrix,f16,0.367612
epyc7351-2080ti,NVIDIA GeForce RTX 2080 Ti,b,convert_f16,2048,f16,0.5,1,4,4194304,4,2.66106,2.64347,2.68936,0.742462,0,6.3047,2.65421,2.22679,1.30984,0.051488,0,1,matrix,f16,0.493827
epyc7351-2080ti,NVIDIA GeForce RTX 2080 Ti,b_fair,convert_f16,2048,f16,0.5,1,4,4194304,4,1.36263,1.36179,1.36417,0.0501637,0,12.3124,1.35712,0,1.29741,0.050416,0,1,matrix,f16,0.95605
epyc7351-2080ti,NVIDIA GeForce RTX 2080 Ti,b_pipelined,convert_f16,2048,f16,0.5,1,4,4194304,4,1.32771,1.32667,1.32845,0.0579475,0,12.6362,1.32253,0,1.2965,0.056512,0,1,matrix,f16,0.980373
epyc7351-2080ti,NVIDIA GeForce RTX 2080 Ti,a,convert_f16,2048,f16,0.5,1,16,8388608,1,2.05645,2.0429,2.07703,0.33875,0,8.15833,2.04997,1.38156,0.657504,0,0,1,matrix,f16,0.320676
epyc7351-2080ti,NVIDIA GeForce RTX 2080 Ti,b,convert_f16,2048,f16,0.5,1,16,16777216,1,2.60275,2.59568,2.61524,0.3501,0,6.44595,2.59576,1.23251,1.29984,0.0508,0,1,matrix,f16,0.500623
epyc7351-2080ti,NVIDIA GeForce RTX 2080 Ti,b_fair,convert_f16,2048,f16,0.5,1,16,16777216,1,1.3491,1.34818,1.35154,0.068472,0,12.4359,1.34334,0,1.28819,0.050352,0,1,matrix,f16,0.958928
epyc7351-2080ti,NVIDIA GeForce RTX 2080 Ti,b_pipelined,convert_f16,2048,f16,0.5,1,16,16777216,1,1.34897,1.3432,1.35008,0.122826,0,12.4371,1.34382,0,1.28701,0.045072,0,1,matrix,f16,0.957833
epyc7351-2080ti,NVIDIA GeForce RTX 2080 Ti,a,nchw_nhwc_quant,2048,s8,0.25,1,4,4194304,1,34.4999,34.2223,34.5852,0.20087,0,0.486298,34.4932,34.1433,0.338016,0,0,1,matrix,s8,0.00980238
epyc7351-2080ti,NVIDIA GeForce RTX 2080 Ti,b,nchw_nhwc_quant,2048,s8,0.25,1,4,4194304,4,2.84993,2.81984,2.88613,0.675319,0,5.88689,2.84259,2.27675,1.31309,0.185824,0,1,matrix,s8,0.461964
epyc7351-2080ti,NVIDIA GeForce RTX 2080 Ti,b_fair,nchw_nhwc_quant,2048,s8,0.25,1,4,4194304,4,1.49878,1.49757,1.51662,0.338423,0,11.1939,1.49296,0,1.29858,0.182016,0,1,matrix,s8,0.870058
epyc7351-2080ti,NVIDIA GeForce RTX 2080 Ti,b_pipelined,nchw_nhwc_quant,2048,s8,0.25,1,4,4194304,4,1.36837,1.36653,1.37341,0.323442,0,12.2607,1.36277,0,1.29816,0.217488,0,1,matrix,s8,0.952601
epyc7351-2080ti,NVIDIA GeForce RTX 2080 Ti,b,nchw_nhwc_quant,2048,s8,0.25,1,16,16777216,1,2.75312,2.71191,2.78311,1.52052,0,6.09388,2.7461,1.2562,1.29992,0.182064,0,1,matrix,s8,0.473839
epyc7351-2080ti,NVIDIA GeForce RTX 2080 Ti,b_fair,nchw_nhwc_quant,2048,s8,0.25,1,16,16777216,1,1.44765,1.44388,1.45005,0.105206,0,11.5893,1.44179,0,1.28834,0.148992,0,1,matrix,s8,0.893665
epyc7351-2080ti,NVIDIA GeForce RTX 2080 Ti,b_pipelined,nchw_nhwc_quant,2048,s8,0.25,1,16,16777216,1,1.44652,1.44365,1.44983,0.19773,0,11.5984,1.44098,0,1.28725,0.14336,0,1,matrix,s8,0.893439
epyc7351-2080ti,NVIDIA GeForce RTX 2080 Ti,a,nchw_nhwc_quant,8192,s8,0.25,1,4,4194304,16,512.148,507.86,551.668,6.4776,1,0.524137,512.139,511.178,5.43322,0,0,1,matrix,s8,0.010647
epyc7351-2080ti,NVIDIA GeForce RTX 2080 Ti,b,nchw_nhwc_quant,8192,s8,0.25,1,4,4194304,64,40.3527,40.205,41.0791,0.794843,0,6.65223,40.3458,36.9803,20.9532,2.2085,0,1,matrix,s8,0.519475
epyc7351-2080ti,NVIDIA GeForce RTX 2080 Ti,b_fair,nchw_nhwc_quant,8192,s8,0.25,1,4,4194304,64,23.0469,23.0419,23.0554,0.0218448,0,11.6473,23.04,0,20.7226,2.2084,0,1,matrix,s8,0.899436
epyc7351-2080ti,NVIDIA GeForce RTX 2080 Ti,b_pipelined,nchw_nhwc_quant,8192,s8,0.25,1,4,4194304,64,20.9023,20.8977,20.9109,0.0263286,0,12.8424,20.8964,0,20.7442,2.9047,0,1,matrix,s8,0.992708
epyc7351-2080ti,NVIDIA GeForce RTX 2080 Ti,a,nchw_nhwc_quant,8192,s8,0.25,1,16,16777216,4,509.59,508.77,544.188,0.200661,0,0.526767,509.581,508.135,5.21347,0,0,1,matrix,s8,0.0102321
epyc7351-2080ti,NVIDIA GeForce RTX 2080 Ti,b,nchw_nhwc_quant,8192,s8,0.25,1,16,16777216,16,27.9955,27.8656,30.3947,0.831878,0,9.58854,27.9804,23.9894,20.7663,2.20406,0,1,matrix,s8,0.741986
epyc7351-2080ti,NVIDIA GeForce RTX 2080 Ti,b_fair,nchw_nhwc_quant,8192,s8,0.25,1,16,16777216,16,22.82,22.8162,22.8265,0.0149711,0,11.7631,22.8127,0,20.5784,2.20445,0,1,matrix,s8,0.902072
epyc7351-2080ti,NVIDIA GeForce RTX 2080 Ti,b_pipelined,nchw_nhwc_quant,8192,s8,0.25,1,16,16777216,16,20.7693,20.7644,20.7776,0.0145088,0,12.9246,20.7632,0,20.5836,2.43291,0,1,matrix,s8,0.991352
epyc7351-2080ti,NVIDIA GeForce RTX 2080 Ti,a,nchw_nhwc_quant,8192,s8,0.25,1,64,67108864,1,512.72,512.262,541.077,0.167122,0,0.523552,512.71,507.54,5.15272,0,0,1,matrix,s8,0.0100502
epyc7351-2080ti,NVIDIA GeForce RTX 2080 Ti,b,nchw_nhwc_quant,8192,s8,0.25,1,64,67108864,4,30.6326,30.5493,30.9358,0.232901,0,8.76306,30.6246,23.1273,20.5726,2.2039,0,1,matrix,s8,0.671907
epyc7351-2080ti,NVIDIA GeForce RTX 2080 Ti,b_fair,nchw_nhwc_quant,8192,s8,0.25,1,64,67108864,4,22.763,22.7598,22.7699,0.0106117,0,11.7926,22.7562,0,20.5416,2.20466,0,1,matrix,s8,0.90269
epyc7351-2080ti,NVIDIA GeForce RTX 2080 Ti,b_pipelined,nchw_nhwc_quant,8192,s8,0.25,1,64,67108864,4,21.1207,21.1176,21.1242,0.00813668,0,12.7096,21.1148,0,20.5435,2.25878,0,1,matrix,s8,0.972943
epyc7351-2080ti,NVIDIA GeForce RTX 2080 Ti,b,nchw_nhwc_quant,8192,s8,0.25,1,256,268435456,1,41.5085,41.424,41.7931,0.199454,0,6.467,41.5004,18.7383,20.5461,2.2028,0,1,matrix,s8,0.495073
epyc7351-2080ti,NVIDIA GeForce RTX 2080 Ti,b_fair,nchw_nhwc_quant,8192,s8,0.25,1,256,268435456,1,22.7486,22.746,22.7523,0.00887811,0,11.8001,22.7419,0,20.5329,2.20442,0,1,matrix,s8,0.902865
epyc7351-2080ti,NVIDIA GeForce RTX 2080 Ti,b_pipelined,nchw_nhwc_quant,8192,s8,0.25,1,256,268435456,1,22.7482,22.7459,22.7533,0.0103361,0,11.8003,22.7424,0,20.5316,2.20091,0,1,matrix,s8,0.90281
epyc7351-2080ti,NVIDIA GeForce RTX 2080 Ti,a,quant,8192,s8,0.25,1,4,4194304,16,21.989,21.8898,32.8503,0.244712,0,12.2077,21.9819,21.1431,5.40014,0,0,1,matrix,s8,0.245841
epyc7351-2080ti,NVIDIA GeForce RTX 2080 Ti,b,quant,8192,s8,0.25,1,4,4194304,64,38.6286,38.5376,38.9413,0.260576,0,6.94913,38.6215,36.8439,20.9342,0.67544,0,1,matrix,s8,0.541965
epyc7351-2080ti,NVIDIA GeForce RTX 2080 Ti,b_fair,quant,8192,s8,0.25,1,4,4194304,64,21.5158,21.51,21.5224,0.0113753,0,12.4762,21.5083,0,20.7229,0.675344,0,1,matrix,s8,0.963473
epyc7351-2080ti,NVIDIA GeForce RTX 2080 Ti,b_pipelined,quant,8192,s8,0.25,1,4,4194304,64,20.8628,20.8563,20.8685,0.021612,0,12.8667,20.8571,0,20.7322,1.05813,0,1,matrix,s8,0.993963
epyc7351-2080ti,NVIDIA GeForce RTX 2080 Ti,a,quant,8192,s8,0.25,1,16,16777216,4,22.2743,22.2091,22.4074,0.301298,0,12.0514,22.2664,20.8442,5.19597,0,0,1,matrix,s8,0.233425
epyc7351-2080ti,NVIDIA GeForce RTX 2080 Ti,b,quant,8192,s8,0.25,1,16,16777216,16,26.4591,26.3809,42.2424,0.371969,0,10.1453,26.452,23.9691,20.7606,0.6756,0,1,matrix,s8,0.78493
epyc7351-2080ti,NVIDIA GeForce RTX 2080 Ti,b_fair,quant,8192,s8,0.25,1,16,16777216,16,21.2919,21.2843,21.2965,0.0243151,0,12.6074,21.2854,0,20.5778,0.678816,0,1,matrix,s8,0.966741
epyc7351-2080ti,NVIDIA GeForce RTX 2080 Ti,b_pipelined,quant,8192,s8,0.25,1,16,16777216,16,20.6621,20.658,20.6707,0.0199635,0,12.9917,20.6564,0,20.5813,0.79704,0,1,matrix,s8,0.996359
epyc7351-2080ti,NVIDIA GeForce RTX 2080 Ti,a,quant,8192,s8,0.25,1,64,67108864,1,25.3582,25.2569,25.5792,0.428439,0,10.5858,25.3513,20.1902,5.1488,0,0,1,matrix,s8,0.203118
epyc7351-2080ti,NVIDIA GeForce RTX 2080 Ti,b,quant,8192,s8,0.25,1,64,67108864,4,29.1146,29.041,29.2276,0.257714,0,9.21995,29.1074,23.1663,20.5728,0.67504,0,1,matrix,s8,0.706942
epyc7351-2080ti,NVIDIA GeForce RTX 2080 Ti,b_fair,quant,8192,s8,0.25,1,64,67108864,4,21.2339,21.2287,21.2417,0.0163286,0,12.6419,21.2275,0,20.5419,0.67464,0,1,matrix,s8,0.967714
epyc7351-2080ti,NVIDIA GeForce RTX 2080 Ti,b_pipelined,quant,8192,s8,0.25,1,64,67108864,4,20.7316,20.7281,20.737,0.0165517,0,12.9481,20.7261,0,20.5428,0.70088,0,1,matrix,s8,0.991145
epyc7351-2080ti,NVIDIA GeForce RTX 2080 Ti,b,quant,8192,s8,0.25,1,256,268435456,1,42.0201,41.9392,45.9124,0.27932,0,6.38827,42.0083,20.7703,20.5469,0.675456,0,1,matrix,s8,0.489078
epyc7351-2080ti,NVIDIA GeForce RTX 2080 Ti,b_fair,quant,8192,s8,0.25,1,256,268435456,1,21.2225,21.2174,21.2268,0.0282209,0,12.6486,21.2151,0,20.5334,0.6756,0,1,matrix,s8,0.967905
epyc7351-2080ti,NVIDIA GeForce RTX 2080 Ti,b_pipelined,quant,8192,s8,0.25,1,256,268435456,1,21.2205,21.2141,21.2269,0.0198634,0,12.6498,21.2138,0,20.5334,0.671744,0,1,matrix,s8,0.9679
epyc7351-2080ti,NVIDIA GeForce RTX 2080 Ti,a,transpose,2048,f32,1,1,4,4194304,4,63.1111,62.4146,72.0569,1.83427,0,0.265836,63.104,62.6787,1.3372,0,0,1,matrix,f32,0.0211865
epyc7351-2080ti,NVIDIA GeForce RTX 2080 Ti,b,transpose,2048,f32,1,1,4,4194304,4,2.72904,2.69638,2.76357,1.21152,0,6.14766,2.72258,2.25655,1.31699,0.076784,0,1,matrix,f32,0.484619
epyc7351-2080ti,NVIDIA GeForce RTX 2080 Ti,b_fair,transpose,2048,f32,1,1,4,4194304,4,1.3899,1.38582,1.39353,0.199677,0,12.0708,1.38435,0,1.29869,0.073232,0,1,matrix,f32,0.938645
epyc7351-2080ti,NVIDIA GeForce RTX 2080 Ti,b_pipelined,transpose,2048,f32,1,1,4,4194304,4,1.35384,1.35044,1.35956,0.545661,0,12.3923,1.34826,0,1.29781,0.156736,0,1,matrix,f32,0.962885
epyc7351-2080ti,NVIDIA GeForce RTX 2080 Ti,a,transpose,2048,f32,1,1,16,16777216,1,63.1368,62.1486,63.6782,0.797235,0,0.265728,63.1292,61.8151,1.30266,0,0,1,matrix,f32,0.0206607
epyc7351-2080ti,NVIDIA GeForce RTX 2080 Ti,b,transpose,2048,f32,1,1,16,16777216,1,2.64477,2.63152,2.65647,0.521421,0,6.34355,2.63496,1.24625,1.29962,0.07736,0,1,matrix,f32,0.493046
epyc7351-2080ti,NVIDIA GeForce RTX 2080 Ti,b_fair,transpose,2048,f32,1,1,16,16777216,1,1.37789,1.37107,1.38033,0.111242,0,12.176,1.37179,0,1.28835,0.07696,0,1,matrix,f32,0.939815
epyc7351-2080ti,NVIDIA GeForce RTX 2080 Ti,b_pipelined,transpose,2048,f32,1,1,16,16777216,1,1.37625,1.36811,1.38269,0.57035,0,12.1905,1.37069,0,1.28701,0.069632,0,1,matrix,f32,0.939183
epyc7351-2080ti,NVIDIA GeForce RTX 2080 Ti,a,transpose,8192,f32,1,1,4,4194304,64,1349.69,1324.84,1388.96,2.6263,0,0.198886,1349.68,1348.24,21.1318,0,0,1,matrix,f32,0.0156636
epyc7351-2080ti,NVIDIA GeForce RTX 2080 Ti,b,transpose,8192,f32,1,1,4,4194304,64,39.2865,39.1413,41.7505,0.492519,0,6.83277,39.2792,36.7981,20.9374,1.37317,0,1,matrix,f32,0.533059
epyc7351-2080ti,NVIDIA GeForce RTX 2080 Ti,b_fair,transpose,8192,f32,1,1,4,4194304,64,22.22,22.2148,22.227,0.0174956,0,12.0808,22.2143,0,20.7274,1.37301,0,1,matrix,f32,0.933072
epyc7351-2080ti,NVIDIA GeForce RTX 2080 Ti,b_pipelined,transpose,8192,f32,1,1,4,4194304,64,20.8713,20.8664,20.8792,0.0250221,0,12.8615,20.8657,0,20.7341,1.89917,0,1,matrix,f32,0.993699
epyc7351-2080ti,NVIDIA GeForce RTX 2080 Ti,a,transpose,8192,f32,1,1,16,16777216,16,1328.06,1325.94,1337.41,0.207364,0,0.202126,1328.05,1326.11,20.8395,0,0,1,matrix,f32,0.0156885
epyc7351-2080ti,NVIDIA GeForce RTX 2080 Ti,b,transpose,8192,f32,1,1,16,16777216,16,27.0731,26.9824,27.432,0.573359,0,9.9152,27.0662,23.9095,20.7615,1.37285,0,1,matrix,f32,0.76701
epyc7351-2080ti,NVIDIA GeForce RTX 2080 Ti,b_fair,transpose,8192,f32,1,1,16,16777216,16,21.9871,21.9825,21.9961,0.022476,0,12.2088,21.981,0,20.5786,1.37118,0,1,matrix,f32,0.93623
epyc7351-2080ti,NVIDIA GeForce RTX 2080 Ti,b_pipelined,transpose,8192,f32,1,1,16,16777216,16,20.7386,20.7317,20.744,0.0367648,0,12.9437,20.733,0,20.5815,1.95941,0,1,matrix,f32,0.99283
epyc7351-2080ti,NVIDIA GeForce RTX 2080 Ti,a,transpose,8192,f32,1,1,64,67108864,4,1338.22,1329.33,1381.13,1.82022,0,0.200591,1338.21,1332.91,20.6049,0,0,1,matrix,f32,0.0153988
epyc7351-2080ti,NVIDIA GeForce RTX 2080 Ti,b,transpose,8192,f32,1,1,64,67108864,4,29.6581,29.5955,29.7991,0.328895,0,9.05099,29.6502,23.0087,20.5747,1.37131,0,1,matrix,f32,0.69405
epyc7351-2080ti,NVIDIA GeForce RTX 2080 Ti,b_fair,transpose,8192,f32,1,1,64,67108864,4,21.9313,21.9243,21.9389,0.0188218,0,12.2398,21.9244,0,20.5427,1.37182,0,1,matrix,f32,0.936966
epyc7351-2080ti,NVIDIA GeForce RTX 2080 Ti,b_pipelined,transpose,8192,f32,1,1,64,67108864,4,21.1224,21.1145,21.1287,0.0360714,0,12.7086,21.1171,0,20.5437,2.30118,0,1,matrix,f32,0.972852
epyc7351-2080ti,NVIDIA GeForce RTX 2080 Ti,a,transpose,8192,f32,1,1,256,268435456,1,1346.86,1344.78,1370.5,0.228477,0,0.199305,1346.84,1326.28,20.5508,0,0,1,matrix,f32,0.0152604
epyc7351-2080ti,NVIDIA GeForce RTX 2080 Ti,b,transpose,8192,f32,1,1,256,268435456,1,40.6325,40.54,40.9322,0.230205,0,6.60642,40.6243,18.6875,20.5477,1.3719,0,1,matrix,f32,0.505838
epyc7351-2080ti,NVIDIA GeForce RTX 2080 Ti,b_fair,transpose,8192,f32,1,1,256,268435456,1,21.9173,21.9122,21.9225,0.0163248,0,12.2477,21.9104,0,20.5333,1.37226,0,1,matrix,f32,0.937141
epyc7351-2080ti,NVIDIA GeForce RTX 2080 Ti,b_pipelined,transpose,8192,f32,1,1,256,268435456,1,21.9143,21.9067,21.9193,0.0289517,0,12.2493,21.9076,0,20.5323,1.36565,0,1,matrix,f32,0.937234
epyc7351-2080ti,NVIDIA GeForce RTX 2080 Ti,a,transpose_quant,2048,s8,0.25,1,4,4194304,1,85.7292,85.682,87.1255,0.116062,0,0.1957,85.7207,85.3671,0.34008,0,0,1,matrix,s8,0.00396299
epyc7351-2080ti,NVIDIA GeForce RTX 2080 Ti,b,transpose_quant,2048,s8,0.25,1,4,4194304,4,2.75009,2.72475,2.78577,0.72114,0,6.1006,2.74323,2.23597,1.31459,0.126416,0,1,matrix,s8,0.479484
epyc7351-2080ti,NVIDIA GeForce RTX 2080 Ti,b_fair,transpose_quant,2048,s8,0.25,1,4,4194304,4,1.44014,1.43854,1.44291,0.138277,0,11.6497,1.43365,0,1.29867,0.124544,0,1,matrix,s8,0.905659
epyc7351-2080ti,NVIDIA GeForce RTX 2080 Ti,b,transpose_quant,2048,s8,0.25,1,16,16777216,1,2.68407,2.66783,2.7385,0.414531,0,6.25067,2.67632,1.24653,1.29995,0.113648,0,1,matrix,s8,0.486028
epyc7351-2080ti,NVIDIA GeForce RTX 2080 Ti,b_fair,transpose_quant,2048,s8,0.25,1,16,16777216,1,1.41732,1.41083,1.42172,0.158133,0,11.8373,1.4113,0,1.28835,0.118848,0,1,matrix,s8,0.912749
