machine,gpu,method,transform,N,dtype_out,r,threads,chunk_req_mib,staging_bytes,n_chunks,median_ms,min_ms,p95_ms,iqr_over_median_pct,unstable,effective_input_GBps,gpu_pipeline_ms,cpu_stage_ms,h2d_ms,gpu_kernel_ms,gpu_recv_ms,verified,variant,wire
7800x3d-4070tis,NVIDIA GeForce RTX 4070 Ti SUPER,a,blocked_transpose,2048,f32,1,8,4,4194304,4,1.1937,1.0542,1.32185,7.46313,1,14.0549,1.13082,0.800783,0.641792,0,0,1,matrix,f32
7800x3d-4070tis,NVIDIA GeForce RTX 4070 Ti SUPER,b,blocked_transpose,2048,f32,1,8,4,4194304,4,1.18666,1.10956,1.41914,10.131,1,14.1382,1.15093,0.785708,0.702528,0.081648,0,1,matrix,f32
7800x3d-4070tis,NVIDIA GeForce RTX 4070 Ti SUPER,b_fair,blocked_transpose,2048,f32,1,8,4,4194304,4,0.800429,0.771905,0.847798,4.16155,0,20.9603,0.775472,0,0.672288,0.078816,0,1,matrix,f32
7800x3d-4070tis,NVIDIA GeForce RTX 4070 Ti SUPER,a,blocked_transpose,2048,f32,1,8,16,16777216,1,0.907703,0.873286,0.963028,5.04487,1,18.4831,0.839872,0.191181,0.630544,0,0,1,matrix,f32
7800x3d-4070tis,NVIDIA GeForce RTX 4070 Ti SUPER,b,blocked_transpose,2048,f32,1,8,16,16777216,1,1.4688,1.41294,1.54224,3.8917,0,11.4224,1.42941,0.6626,0.66936,0.085488,0,1,matrix,f32
7800x3d-4070tis,NVIDIA GeForce RTX 4070 Ti SUPER,b_fair,blocked_transpose,2048,f32,1,8,16,16777216,1,0.793277,0.765522,0.902449,3.27909,0,21.1493,0.747312,0,0.653664,0.084688,0,1,matrix,f32
7800x3d-4070tis,NVIDIA GeForce RTX 4070 Ti SUPER,a,blocked_transpose,4096,f32,1,8,4,4194304,16,4.05139,3.61795,4.90017,8.55244,1,16.5644,3.98882,3.42494,2.55565,0,0,1,matrix,f32
7800x3d-4070tis,NVIDIA GeForce RTX 4070 Ti SUPER,b,blocked_transpose,4096,f32,1,8,4,4194304,16,4.60252,3.9264,5.07073,17.2104,1,14.5809,4.50829,3.54665,2.6169,0.251408,0,1,matrix,f32
7800x3d-4070tis,NVIDIA GeForce RTX 4070 Ti SUPER,b_fair,blocked_transpose,4096,f32,1,8,4,4194304,16,2.93591,2.90185,3.00008,1.16413,0,22.858,2.87018,0,2.57155,0.25904,0,1,matrix,f32
7800x3d-4070tis,NVIDIA GeForce RTX 4070 Ti SUPER,a,blocked_transpose,4096,f32,1,8,16,16777216,4,3.42498,3.02518,3.7132,10.0508,1,19.5939,3.35358,2.63167,2.51646,0,0,1,matrix,f32
7800x3d-4070tis,NVIDIA GeForce RTX 4070 Ti SUPER,b,blocked_transpose,4096,f32,1,8,16,16777216,4,3.89652,3.79649,4.20275,2.8821,0,17.2228,3.8096,2.79928,2.55507,0.261888,0,1,matrix,f32
7800x3d-4070tis,NVIDIA GeForce RTX 4070 Ti SUPER,b_fair,blocked_transpose,4096,f32,1,8,16,16777216,4,2.88652,2.86119,2.95996,1.11651,0,23.2491,2.82829,0,2.54787,0.2532,0,1,matrix,f32
7800x3d-4070tis,NVIDIA GeForce RTX 4070 Ti SUPER,a,blocked_transpose,4096,f32,1,8,64,67108864,1,4.75185,4.52185,5.04583,4.31297,0,14.1227,4.66138,2.13829,2.50418,0,0,1,matrix,f32
7800x3d-4070tis,NVIDIA GeForce RTX 4070 Ti SUPER,b,blocked_transpose,4096,f32,1,8,64,67108864,1,5.4536,5.35308,5.56213,0.914519,0,12.3054,5.37491,2.5443,2.542,0.270432,0,1,matrix,f32
7800x3d-4070tis,NVIDIA GeForce RTX 4070 Ti SUPER,b_fair,blocked_transpose,4096,f32,1,8,64,67108864,1,2.87816,2.83507,2.94191,1.16898,0,23.3166,2.80832,0,2.53072,0.264112,0,1,matrix,f32
7800x3d-4070tis,NVIDIA GeForce RTX 4070 Ti SUPER,a,blocked_transpose,8192,f32,1,8,4,4194304,64,22.3918,20.0827,25.4105,3.81919,0,11.9881,22.2501,19.0347,10.4554,0,0,1,matrix,f32
7800x3d-4070tis,NVIDIA GeForce RTX 4070 Ti SUPER,b,blocked_transpose,8192,f32,1,8,4,4194304,64,19.0541,18.2716,20.9879,8.40449,1,14.0881,18.9336,16.1622,10.7953,0.984752,0,1,matrix,f32
7800x3d-4070tis,NVIDIA GeForce RTX 4070 Ti SUPER,b_fair,blocked_transpose,8192,f32,1,8,4,4194304,64,11.3858,11.2812,11.4504,0.463414,0,23.5763,11.2889,0,10.2186,0.976944,0,1,matrix,f32
7800x3d-4070tis,NVIDIA GeForce RTX 4070 Ti SUPER,a,blocked_transpose,8192,f32,1,8,16,16777216,16,13.7977,13.0236,14.3102,4.89974,0,19.4551,13.7033,12.5898,10.0469,0,0,1,matrix,f32
7800x3d-4070tis,NVIDIA GeForce RTX 4070 Ti SUPER,b,blocked_transpose,8192,f32,1,8,16,16777216,16,16.0227,15.389,16.5005,2.9564,0,16.7534,15.9379,13.8311,11.6088,0.978896,0,1,matrix,f32
7800x3d-4070tis,NVIDIA GeForce RTX 4070 Ti SUPER,b_fair,blocked_transpose,8192,f32,1,8,16,16777216,16,11.1532,11.0495,11.2505,0.655232,0,24.068,11.0708,0,10.0591,0.968448,0,1,matrix,f32
7800x3d-4070tis,NVIDIA GeForce RTX 4070 Ti SUPER,a,blocked_transpose,8192,f32,1,8,64,67108864,4,18.5058,17.6773,21.217,5.28539,1,14.5055,18.4418,15.8412,10.8551,0,0,1,matrix,f32
7800x3d-4070tis,NVIDIA GeForce RTX 4070 Ti SUPER,b,blocked_transpose,8192,f32,1,8,64,67108864,4,16.9485,16.5505,17.3801,2.47742,0,15.8383,16.8781,13.2382,11.3643,0.988496,0,1,matrix,f32
7800x3d-4070tis,NVIDIA GeForce RTX 4070 Ti SUPER,b_fair,blocked_transpose,8192,f32,1,8,64,67108864,4,11.0891,10.9863,11.2379,0.571359,0,24.2071,11.0331,0,10.0348,0.977984,0,1,matrix,f32
7800x3d-4070tis,NVIDIA GeForce RTX 4070 Ti SUPER,a,blocked_transpose,8192,f32,1,8,256,268435456,1,25.7675,25.1086,26.666,3.97239,0,10.4176,25.7071,15.6846,9.99966,0,0,1,matrix,f32
7800x3d-4070tis,NVIDIA GeForce RTX 4070 Ti SUPER,b,blocked_transpose,8192,f32,1,8,256,268435456,1,21.8394,21.5525,22.2041,1.2396,0,12.2913,21.7841,10.6907,10.0358,0.96992,0,1,matrix,f32
7800x3d-4070tis,NVIDIA GeForce RTX 4070 Ti SUPER,b_fair,blocked_transpose,8192,f32,1,8,256,268435456,1,11.064,10.952,11.2608,0.906569,0,24.2621,11.0226,0,10.0188,0.980816,0,1,matrix,f32
7800x3d-4070tis,NVIDIA GeForce RTX 4070 Ti SUPER,a,quant,2048,s8,0.25,8,4,4194304,1,0.342077,0.329531,0.407944,8.68319,1,49.0451,0.315472,0.138532,0.160384,0,0,1,matrix,s8
7800x3d-4070tis,NVIDIA GeForce RTX 4070 Ti SUPER,b,quant,2048,s8,0.25,8,4,4194304,4,1.10442,1.06731,1.27847,4.812,0,15.191,1.08134,0.726671,0.70584,0.054592,0,1,matrix,s8
7800x3d-4070tis,NVIDIA GeForce RTX 4070 Ti SUPER,b_fair,quant,2048,s8,0.25,8,4,4194304,4,0.762764,0.746776,0.800618,1.57831,0,21.9953,0.73312,0,0.664096,0.048768,0,1,matrix,s8
7800x3d-4070tis,NVIDIA GeForce RTX 4070 Ti SUPER,b,quant,2048,s8,0.25,8,16,16777216,1,1.41118,1.39399,1.48519,2.44099,0,11.8888,1.38238,0.659595,0.642304,0.060304,0,1,matrix,s8
7800x3d-4070tis,NVIDIA GeForce RTX 4070 Ti SUPER,b_fair,quant,2048,s8,0.25,8,16,16777216,1,0.75172,0.730207,0.778556,2.26391,0,22.3184,0.721328,0,0.655088,0.0508,0,1,matrix,s8
7800x3d-4070tis,NVIDIA GeForce RTX 4070 Ti SUPER,a,quant,4096,s8,0.25,8,4,4194304,4,1.16843,1.08457,1.28834,7.47767,1,57.4353,1.14702,0.894388,0.63984,0,0,1,matrix,s8
7800x3d-4070tis,NVIDIA GeForce RTX 4070 Ti SUPER,b,quant,4096,s8,0.25,8,4,4194304,16,3.86012,3.71347,4.22034,3.42082,0,17.3852,3.83213,3.10463,2.62858,0.178896,0,1,matrix,s8
7800x3d-4070tis,NVIDIA GeForce RTX 4070 Ti SUPER,b_fair,quant,4096,s8,0.25,8,4,4194304,16,2.85881,2.79363,2.95665,2.52306,0,23.4744,2.7933,0,2.58291,0.183312,0,1,matrix,s8
7800x3d-4070tis,NVIDIA GeForce RTX 4070 Ti SUPER,a,quant,4096,s8,0.25,8,16,16777216,1,1.07236,1.01493,1.21438,5.61983,1,62.5804,1.00216,0.354687,0.630912,0,0,1,matrix,s8
7800x3d-4070tis,NVIDIA GeForce RTX 4070 Ti SUPER,b,quant,4096,s8,0.25,8,16,16777216,4,3.838,3.69651,4.01998,3.52792,0,17.4854,3.80355,2.7725,2.55328,0.186464,0,1,matrix,s8
7800x3d-4070tis,NVIDIA GeForce RTX 4070 Ti SUPER,b_fair,quant,4096,s8,0.25,8,16,16777216,4,2.80504,2.74757,2.89796,1.86077,0,23.9244,2.7412,0,2.54408,0.187904,0,1,matrix,s8
7800x3d-4070tis,NVIDIA GeForce RTX 4070 Ti SUPER,b,quant,4096,s8,0.25,8,64,67108864,1,5.33286,5.23455,5.43052,1.75168,0,12.584,5.27757,2.51096,2.54227,0.188416,0,1,matrix,s8
7800x3d-4070tis,NVIDIA GeForce RTX 4070 Ti SUPER,b_fair,quant,4096,s8,0.25,8,64,67108864,1,2.78771,2.74809,2.91215,1.01209,0,24.0731,2.74416,0,2.53573,0.192256,0,1,matrix,s8
