round,case,path,phase,p50_ms,p95_ms,samples_ms
1,dlrm_512,torch,end_to_end,3.6328234999999998,4.819676599999998,"[6.792727,3.643478,3.636125,3.903914,5.071043,3.557435,3.621827,3.615686,4.512451,3.800547,3.550972,3.640904,4.063247,3.600196,3.520044,3.826897,3.869348,3.629522,3.52315,3.616196,3.97549,3.623961,3.540854,3.637527,3.956053,3.559399,3.600266,3.769899,3.607219,3.589195]"
1,dlrm_512,torch,transfer,0.2629045,0.26875920000000003,"[0.269643,0.26308,0.275193,0.260916,0.263171,0.26314,0.265605,0.264242,0.261167,0.267679,0.260516,0.259634,0.259414,0.265755,0.263381,0.261919,0.259354,0.265244,0.262159,0.259904,0.266526,0.260966,0.259714,0.262249,0.265425,0.260395,0.257039,0.264844,0.264883,0.262729]"
1,dlrm_512,inductor,end_to_end,3.8577865,4.696031499999998,"[4.024113,6.223786,3.762725,3.895768,3.782583,4.97995,3.741845,3.887172,3.641575,4.34902,3.8178,3.866302,3.610276,4.119253,3.625404,3.849551,3.877083,4.101189,3.858808,3.857396,3.858177,3.827038,3.652987,3.910096,3.676331,4.020686,3.769167,3.822329,3.856433,4.086331]"
1,dlrm_512,inductor,transfer,0.3232745,0.33501739999999997,"[0.347551,0.327863,0.332813,0.321812,0.323225,0.336821,0.322694,0.316712,0.322794,0.316592,0.316031,0.323324,0.322423,0.3258,0.320319,0.327994,0.327512,0.332362,0.329316,0.326732,0.329837,0.322282,0.328004,0.328014,0.31581,0.31513,0.316291,0.318335,0.317684,0.323796]"
1,dlrm_512,sym,end_to_end,4.7090499999999995,5.3953032499999996,"[4.591622,4.576372,6.712264,4.584457,4.778708,4.548489,5.519546,4.716339,4.567536,4.719645,5.243451,4.590769,4.593955,4.812371,4.890009,4.587834,4.77498,4.510106,4.794017,4.620175,4.782765,4.540184,4.765803,4.836307,4.566223,4.80145,4.701761,4.765983,4.668657,4.528953]"
1,dlrm_512,sym,transfer,0.793504,0.8548915499999998,"[0.874242,0.79428,0.800863,0.795973,0.806684,0.798869,0.792728,0.78376,0.768571,0.960477,0.784602,0.823366,0.806013,0.796514,0.769052,0.772348,0.777278,0.77863,0.785964,0.776226,0.808357,0.796805,0.787067,0.788029,0.766548,0.778801,0.777659,0.826642,0.809018,0.831241]"
1,dlrm_512,sym_inductor,end_to_end,4.409761,5.0729798,"[4.367546,4.367926,4.37543,6.106412,4.490209,4.367996,4.637799,5.135996,4.378597,4.345012,4.674158,4.99596,4.461975,4.376492,4.460251,4.892734,4.329553,4.440925,4.355863,4.806781,4.524865,4.371112,4.597182,4.546255,4.35446,4.342858,4.299626,4.737599,4.328672,4.331226]"
1,dlrm_512,sym_inductor,transfer,0.8069795,0.8442278,"[0.900803,0.819578,0.824237,0.839907,0.816001,0.814599,0.812385,0.785013,0.785404,0.792937,0.816492,0.796715,0.80426,0.802657,0.811803,0.847763,0.830269,0.810791,0.811714,0.806584,0.806063,0.804149,0.789852,0.79918,0.80459,0.822013,0.807375,0.79922,0.792898,0.792127]"
1,dlrm_2048,torch,end_to_end,7.844142,8.131457,"[8.890897,7.801205,7.849387,7.904641,8.232986,7.723928,7.860667,7.768703,8.007366,7.807547,7.816324,7.750829,7.874133,7.78843,7.795464,7.80887,7.750849,7.819951,7.855638,7.853986,7.967101,7.815622,7.891777,7.922836,7.885314,7.865266,7.717536,7.838897,7.796196,7.85132]"
1,dlrm_2048,torch,transfer,1.6153520000000001,1.65840715,"[1.67225,1.666189,1.646761,1.648896,1.648355,1.623848,1.605754,1.627134,1.623026,1.604812,1.607677,1.620491,1.611174,1.601846,1.610001,1.641712,1.614961,1.615482,1.638987,1.609211,1.613298,1.598439,1.409491,1.6198,1.615222,1.606405,1.588731,1.600513,1.621794,1.620462]"
1,dlrm_2048,inductor,end_to_end,7.9650265000000005,8.1751604,"[7.907036,8.288371,7.913679,8.000033,8.096927,8.106175,7.909029,7.913027,8.008899,7.903008,7.921924,7.901625,7.899712,7.909481,7.8826,7.922666,7.981428,7.967611,7.921233,7.980065,8.05601,8.018248,7.962442,7.993761,7.951731,8.001075,7.979033,8.231603,7.98321,7.923307]"
1,dlrm_2048,inductor,transfer,1.551205,1.6374545,"[1.643686,1.601055,1.618338,1.579063,1.562532,1.550879,1.563744,1.642193,1.582038,1.56714,1.550148,1.534979,1.545149,1.546251,1.622435,1.545158,1.530761,1.539908,1.54052,1.558914,1.56204,1.631663,1.540008,1.534528,1.521914,1.551531,1.54564,1.537755,1.60366,1.538836]"
1,dlrm_2048,sym,end_to_end,9.100906,10.240283199999993,"[9.126866,17.109986,11.078968,9.057734,9.144449,9.089975,9.166562,9.004152,9.086519,9.058295,9.125332,9.146022,8.977792,9.023669,9.062644,8.973324,9.044719,9.16095,9.089184,9.062092,9.122688,9.215224,9.116546,9.114582,9.111837,9.146883,9.037425,9.130652,9.066851,9.01882]"
1,dlrm_2048,sym,transfer,2.149287,2.2277712,"[2.040901,2.000324,2.111936,2.105543,2.11382,2.18246,2.188442,2.154878,2.131663,2.094082,2.135571,2.232215,2.154597,2.124329,2.19793,2.177982,2.131914,2.181979,2.118519,2.121133,2.122486,2.16141,2.184774,2.223809,2.170347,2.117727,2.151401,2.231013,2.175657,2.147173]"
1,dlrm_2048,sym_inductor,end_to_end,8.774164500000001,9.43080545,"[8.753796,13.339065,8.88723,9.669548,8.879255,8.783493,9.139009,8.919862,8.805455,8.713449,8.816626,8.841192,8.685045,8.683984,8.716715,8.737595,8.668354,8.752874,8.748736,8.869316,8.738488,8.730852,8.769125,8.858445,8.719281,8.815123,8.68785,8.822858,8.75058,8.779204]"
1,dlrm_2048,sym_inductor,transfer,1.967682,2.019249,"[2.021544,1.98214,1.968724,1.961259,1.965057,1.968935,1.947574,1.96129,1.978552,1.962482,2.023698,1.950129,1.966519,2.016444,1.969405,1.954166,1.951561,1.996918,1.951722,2.008589,1.965819,1.981377,1.94046,1.979084,1.989513,1.983562,1.986527,1.96664,1.959546,1.962953]"
1,gnn_256,torch,end_to_end,1.1943315,1.6770881,"[1.682219,1.24097,1.190774,1.248614,1.621693,1.185274,1.25118,1.181206,1.620532,1.165266,1.17792,1.189963,1.785936,1.194271,1.177489,1.194392,1.65653,1.146821,1.147352,1.200924,1.670817,1.159826,1.222004,1.161379,1.603951,1.170857,1.178291,1.231923,1.628025,1.153854]"
1,gnn_256,torch,transfer,0.722003,0.7452047,"[0.795362,0.734316,0.717865,0.718006,0.719588,0.718927,0.696014,0.721703,0.746309,0.738414,0.719698,0.725239,0.715441,0.717073,0.743855,0.731251,0.738164,0.738775,0.722303,0.713948,0.698278,0.702737,0.729597,0.741039,0.740669,0.715261,0.720541,0.722865,0.732583,0.709028]"
1,gnn_256,inductor,end_to_end,1.3491955,1.666039,"[1.379704,1.657001,1.275094,1.337363,1.394723,1.671218,1.299571,1.262831,1.380606,1.666138,1.277749,1.295664,1.361028,1.636292,1.280045,1.279773,1.334007,1.643124,1.265958,1.278141,1.432284,1.665918,1.310021,1.268362,1.375055,1.65634,1.284613,1.274253,1.385925,1.641441]"
1,gnn_256,inductor,transfer,0.590808,0.6118593999999999,"[0.670865,0.606333,0.589712,0.592096,0.596284,0.590974,0.602657,0.590663,0.585554,0.593058,0.584151,0.598348,0.588279,0.590633,0.597987,0.574342,0.606553,0.576697,0.572529,0.598047,0.574642,0.616201,0.604269,0.584992,0.595061,0.588599,0.584983,0.590953,0.581926,0.589441]"
1,gnn_256,sym,end_to_end,2.396202,2.8109691,"[2.318219,2.463374,2.810484,2.375597,2.437385,2.289133,2.762443,2.378793,2.326664,2.410163,2.784945,2.405424,2.364265,2.415804,2.815133,2.318759,2.40856,2.391328,2.785247,2.314962,2.401627,2.385767,2.811366,2.401076,2.340761,2.331864,2.770237,2.369976,2.35065,2.339249]"
1,gnn_256,sym,transfer,1.5451385,1.6468776999999999,"[2.08251,1.579523,1.479674,1.527664,1.609691,1.647973,1.544027,1.56189,1.534789,1.612907,1.505353,1.5986,1.58793,1.53008,1.582209,1.537985,1.520482,1.516574,1.570025,1.502707,1.407577,1.645539,1.501986,1.599492,1.525681,1.511785,1.531953,1.596075,1.556981,1.54625]"
1,gnn_256,sym_inductor,end_to_end,2.0949335,2.6545745999999997,"[2.089554,2.084634,2.099252,2.648166,2.075016,2.002628,2.135942,2.639279,2.016274,2.095114,2.181829,2.659818,2.043707,2.093151,2.075367,2.627557,2.101045,2.070858,2.097839,2.60304,2.078312,2.094753,2.13513,2.606056,2.119811,2.049908,2.088402,2.678133,2.047394,2.092148]"
1,gnn_256,sym_inductor,transfer,1.5711629999999999,1.68691355,"[1.853886,1.694042,1.513758,1.520542,1.636241,1.596065,1.637103,1.581027,1.466188,1.636552,1.613679,1.5568,1.542634,1.622415,1.626062,1.533386,1.633957,1.517536,1.561299,1.643375,1.545459,1.510753,1.502407,1.601666,1.544366,1.473291,1.678201,1.530159,1.608419,1.511093]"
1,gnn_1024,torch,end_to_end,4.039186,4.5403125499999994,"[4.514044,4.053157,4.039031,4.017179,4.510507,4.04921,4.100608,4.020416,4.503104,4.048078,4.02836,4.039491,4.497373,4.037148,4.038249,3.985178,4.484197,4.025104,4.022118,4.001689,4.561805,4.019113,4.021157,4.031717,5.158099,4.038119,4.018091,4.039341,4.488215,4.039371]"
1,gnn_1024,torch,transfer,3.748258,3.81239495,"[4.360732,3.747066,3.762184,3.75486,3.752305,3.740122,3.800928,3.789796,3.735744,3.738519,3.742347,3.746655,3.741575,3.76516,3.739431,3.753949,3.74945,3.749901,3.734001,3.821777,3.740413,3.742366,3.736285,3.799776,3.752646,3.750332,3.735824,3.79698,3.738098,3.742788]"
1,gnn_1024,inductor,end_to_end,2.963826,3.2904747999999997,"[2.950731,3.29194,2.9973,3.003201,3.021886,3.288684,2.925543,2.995146,2.923228,3.28194,2.927426,2.940522,2.932226,3.280539,2.948717,2.926014,2.979326,3.27119,2.921726,2.957955,3.099444,3.333919,2.931314,2.947905,2.969697,3.285197,2.949248,2.920063,2.911777,3.285027]"
1,gnn_1024,inductor,transfer,2.6910625,2.7429237,"[2.665749,2.727627,2.690797,2.694083,2.737475,2.735842,2.67103,2.672222,2.72903,2.677451,2.681929,2.723479,2.743848,2.67129,2.668514,2.741794,2.680968,2.676239,2.700446,2.718008,2.678112,2.686108,2.728238,2.669436,2.691328,2.741262,2.754017,2.662923,2.679446,2.724441]"
1,gnn_1024,sym,end_to_end,4.210762000000001,4.68749785,"[4.289688,4.209615,4.633872,4.181812,4.187153,4.168126,4.649301,4.24902,4.235965,4.181571,4.670892,4.204215,4.208212,4.213161,4.693756,4.142046,4.263908,4.186651,4.747298,4.134803,4.167455,4.232719,4.646235,4.261714,4.194386,4.211909,4.679849,4.177474,4.173026,4.208883]"
1,gnn_1024,sym,transfer,3.424983,3.4659098,"[3.42328,3.424021,3.425945,3.386169,3.467204,3.454539,3.442396,3.464328,3.457194,3.445191,3.421727,3.384876,3.426967,3.444951,3.456813,3.457515,3.423159,3.4074,3.434691,3.448197,3.421105,3.381941,3.421036,3.403051,3.417429,3.409644,3.405586,3.485297,3.432868,3.42344]"
1,gnn_1024,sym_inductor,end_to_end,3.942487,4.5098237,"[4.139301,3.948328,3.995558,4.505988,3.946074,3.907721,3.929893,4.485028,3.960091,3.948839,3.923852,4.467596,3.937547,3.920335,3.9389,4.447798,3.931617,3.962024,3.923471,4.486752,3.930043,3.928541,3.932879,4.72234,3.958518,3.937448,3.933139,4.512962,3.937708,3.937708]"
1,gnn_1024,sym_inductor,transfer,3.464939,3.51049315,"[3.511147,3.496249,3.483795,3.502621,3.497431,3.491279,3.445332,3.467894,3.457495,3.503702,3.454409,3.457995,3.484296,3.46537,3.440221,3.487332,3.460531,3.461172,3.431625,3.509694,3.451373,3.435152,3.468977,3.471631,3.444039,3.463216,3.44963,3.515725,3.453367,3.464508]"
1,llm_decode,torch,end_to_end,26.303042,26.6039191,"[26.303919,26.303177,26.739307,26.303378,26.265496,26.302907,26.237443,26.307877,26.321282,26.302336,26.308578,26.315571,26.311383,26.304661,26.249696,26.286055,26.276247,26.290033,26.262591,26.291005,26.321774,26.298819,26.275746,26.246189,26.316012,26.297577,32.064524,26.438445,26.270626,26.327163]"
1,llm_decode,torch,transfer,22.2784745,22.311238550000002,"[22.289225,22.311257,22.247776,22.279286,22.282121,22.264528,22.293112,22.257885,22.306548,22.311216,22.281841,22.28128,22.241975,22.257775,22.262855,22.287541,22.273245,22.312579,22.277583,22.272593,22.269678,22.274848,22.299595,22.273636,22.283724,22.277663,22.258206,22.282412,22.230694,22.289355]"
1,llm_decode,torch,kv_roundtrips,2.22177,2.2360708,"[2.229279,2.233958,2.217156,2.232506,2.234269,2.237545,2.225632,2.230662,2.232886,2.227476,2.196737,2.239408,2.216225,2.217617,2.221114,2.222356,2.217187,2.214441,2.222326,2.225642,2.211816,2.21409,2.212798,2.220592,2.22432,2.207538,2.210754,2.221214,2.227876,2.21387]"
1,llm_decode,inductor,end_to_end,30.684935,32.31219605,"[30.934525,31.214347,30.419726,30.353791,30.702433,30.835867,31.317834,30.667437,30.736027,30.65339,30.24324,31.990814,31.365174,31.334396,31.610039,30.256806,30.649773,31.240326,30.343151,30.245565,30.245605,30.127369,30.145023,30.234714,30.250524,30.380792,32.575145,31.389089,31.396644,33.565548]"
1,llm_decode,inductor,transfer,19.2000855,19.4009505,"[19.166206,19.181205,19.189581,19.22605,19.232733,19.179211,19.218005,19.192646,19.17852,19.191584,19.21579,19.181916,19.250267,19.199399,19.524237,19.234075,19.185192,19.17851,19.154213,19.209048,19.18424,19.200812,19.227322,19.197747,19.22626,19.20978,19.217594,19.195032,19.200772,22.942287]"
1,llm_decode,inductor,kv_roundtrips,7.8453835000000005,8.01810495,"[8.048745,7.95634,7.957231,7.903049,7.927685,7.900513,7.877941,7.554656,7.870908,7.928907,7.835901,7.975967,7.835009,7.717205,7.818818,8.11443,7.854866,7.959846,7.980656,7.701445,7.817596,7.721293,7.676397,7.634818,7.826934,7.722004,7.644647,7.75131,7.85635,7.731532]"
1,llm_decode,sym,end_to_end,47.123294,47.57293275,"[47.131726,47.262765,46.87144,47.253507,47.09727,47.100857,46.970028,47.288854,47.185988,47.170208,46.953527,47.115995,47.144149,47.225764,46.963336,47.137707,47.709123,47.291659,46.783383,46.940071,47.006507,46.926054,46.872833,47.061472,47.001007,47.130593,46.879406,48.458738,47.341454,47.406478]"
1,llm_decode,sym,transfer,20.3021265,20.34863875,"[20.383261,20.349847,20.301235,20.311474,20.310802,20.296996,20.347162,20.304812,20.287278,20.305453,20.291607,20.268262,20.316644,20.306264,20.289653,20.305853,20.303018,20.296606,20.327104,20.288781,20.312446,20.244246,20.290565,20.295223,20.321794,20.288059,20.298309,20.286887,20.288961,20.315722]"
1,llm_decode,sym,kv_roundtrips,18.423419000000003,18.4847654,"[18.517603,18.486704,18.450916,18.444224,18.426089,18.468158,18.449112,18.412172,18.482396,18.434465,18.423344,18.402524,18.417363,18.44275,18.389319,18.423494,18.40568,18.397554,18.438392,18.445636,18.419296,18.385492,18.376655,18.371445,18.436559,18.420498,18.40071,18.414086,18.3741,18.425368]"
1,llm_decode,sym_inductor,end_to_end,43.8255635,44.68755255,"[43.858091,43.817363,43.731008,44.081244,43.912744,43.818064,43.815018,44.720781,43.929767,43.840727,43.811662,44.016872,43.800921,43.780452,43.764312,43.944896,43.939745,43.813125,43.738272,43.992646,43.740025,43.735497,43.757068,44.64694,43.851768,43.822833,43.767338,44.754374,43.922563,43.828294]"
1,llm_decode,sym_inductor,transfer,20.145313,20.21427735,"[20.14657,20.136942,20.134588,20.169424,20.158333,20.149977,20.127945,20.206304,20.16701,20.156619,20.220801,20.131021,20.100894,20.114389,20.1358,20.176287,20.143404,20.900925,20.098289,20.151049,20.098099,20.129027,20.169735,20.196164,20.15655,20.106153,20.119779,20.132364,20.173001,20.144056]"
1,llm_decode,sym_inductor,kv_roundtrips,19.3383835,19.3896312,"[19.335388,19.391174,19.387577,19.33089,19.36769,19.388309,19.360286,19.361338,19.368642,19.343233,19.282858,19.353312,19.332021,19.30482,19.318887,19.341379,19.293267,19.332853,19.390713,19.298207,19.353282,19.325529,19.323115,19.358933,19.328024,19.355136,19.329617,19.327704,19.368552,19.322794]"
1,llm_prefill,torch,end_to_end,6.971457,7.00337295,"[7.464193,6.996545,6.981155,6.971817,6.951429,6.975675,6.975996,6.968261,6.938635,6.981246,7.005681,6.985393,6.958372,6.966718,6.95734,7.000552,6.941329,6.948322,6.989161,6.977097,6.926842,6.959885,6.971406,6.971437,6.967379,6.982799,6.971477,6.971387,6.950517,6.995653]"
1,llm_prefill,torch,transfer,5.609171,5.6201001,"[5.618745,5.612854,5.615068,5.608986,5.613685,5.600129,5.609316,5.607773,5.603085,5.609026,5.597684,5.614377,5.607342,5.607052,5.598597,5.597264,5.612273,5.617322,5.606632,5.619516,5.609477,5.601672,5.620578,5.614056,5.623263,5.614917,5.605309,5.6113,5.592014,5.60056]"
1,llm_prefill,inductor,end_to_end,6.485453,6.58434745,"[6.828094,6.472969,6.478038,6.49456,6.496874,6.476476,6.492165,6.467368,6.497395,6.61006,6.485553,6.485693,6.50005,6.474272,6.474552,6.476706,6.49989,6.452691,6.485353,6.454343,6.49968,6.438443,6.552921,6.46316,6.506673,6.473991,6.491825,6.469001,6.49482,6.475504]"
1,llm_prefill,inductor,transfer,4.805607999999999,4.82351005,"[4.797202,4.808784,4.813734,4.816739,4.823953,4.811329,4.818332,4.813924,4.800299,4.802082,4.820937,4.799858,4.802102,4.796321,4.794367,4.816549,4.805909,4.804446,4.80137,4.806821,4.823533,4.801832,4.802463,4.823482,4.804406,4.805307,4.809125,4.804326,4.806439,4.79108]"
1,llm_prefill,sym,end_to_end,7.6774795000000005,8.11270695,"[8.147964,7.730871,7.664414,7.676798,7.699201,7.67258,7.644197,7.682018,8.4505,8.069615,7.675877,7.678161,7.708308,7.707727,7.636953,7.643344,7.681177,7.673572,7.651921,7.661519,7.68285,7.693339,7.633075,7.680355,7.691035,7.681928,7.661309,7.632514,7.663653,7.66729]"
1,llm_prefill,sym,transfer,5.1227065,5.1406875,"[5.146316,5.124334,5.128973,5.119666,5.099688,5.1114,5.115177,5.128402,5.135065,5.122221,5.125116,5.14314,5.102062,5.13769,5.126939,5.130877,5.115748,5.109637,5.116279,5.109917,5.123192,5.134113,5.1114,5.125016,5.109025,5.115888,5.12755,5.112592,5.115618,5.125346]"
1,llm_prefill,sym_inductor,end_to_end,6.5082260000000005,6.762487299999999,"[6.918677,6.526751,6.50523,6.577037,6.511222,6.487257,6.493138,6.567468,6.898939,6.520669,6.525138,6.562028,6.523084,6.498999,6.493188,6.561297,6.512665,6.479101,6.471436,6.570224,6.459934,6.489651,6.492677,6.595713,6.504659,6.485102,6.486826,6.588108,6.489149,6.501403]"
1,llm_prefill,sym_inductor,transfer,5.073497,5.1095355,"[5.077736,5.068088,5.078638,5.078728,5.072436,5.074409,5.070341,5.073688,5.072546,5.064751,5.056886,5.064781,5.078687,5.06424,5.056395,5.071864,5.068227,5.06949,5.075812,5.073417,5.066505,5.075071,5.073577,5.081262,5.083086,5.114445,5.227621,5.103535,5.09026,5.066916]"
1,moe_sparse,torch,end_to_end,3.25507,3.2763581,"[3.279275,3.279296,3.272193,3.272793,3.233388,3.267343,3.250692,3.267333,3.217789,3.256492,3.264598,3.270489,3.236454,3.253648,3.248056,3.258496,3.208831,3.261932,3.237937,3.259579,3.201307,3.246634,3.253577,3.262975,3.218771,3.264218,3.237016,3.259889,3.205586,3.229351]"
1,moe_sparse,torch,transfer,2.1171059999999997,2.1331021,"[2.121805,2.149277,2.114561,2.117226,2.113709,2.123968,2.116464,2.112297,2.111565,2.126093,2.11398,2.109442,2.122707,2.115082,2.108209,2.109311,2.123749,2.131373,2.128237,2.114861,2.116986,2.114901,2.118999,2.133877,2.11936,2.12483,2.11442,2.132155,2.120623,2.114471]"
1,moe_sparse,inductor,end_to_end,4.433636,4.47833715,"[4.435334,4.468657,4.431938,4.409034,4.481502,4.464901,4.42836,4.404346,4.446946,4.451875,4.408613,4.399787,4.469479,4.458528,4.428571,4.400769,4.473507,4.598345,4.462996,4.377084,4.457918,4.46987,4.427269,4.369609,4.471162,4.428621,4.402562,4.382273,4.425075,4.474469]"
1,moe_sparse,inductor,transfer,1.8434854999999999,1.8588431,"[1.842964,1.853034,1.846351,1.8565,1.857913,1.827004,1.858534,1.849517,1.831042,1.836964,1.849146,1.84589,1.851531,2.399313,1.843946,1.852483,1.829569,1.836722,1.840379,1.842032,1.832094,1.851591,1.838527,1.836522,1.832735,1.859096,1.826673,1.843025,1.847013,1.836583]"
1,moe_sparse,sym,end_to_end,4.84607,4.88505415,"[4.836988,4.88013,4.86461,4.847959,4.873087,4.868668,4.881142,4.863819,4.837158,4.863018,4.815146,4.839893,4.870872,4.888255,4.84349,4.837008,4.851436,4.941737,4.835716,4.826177,4.856475,4.858719,4.823342,4.825697,4.855754,4.840605,4.844181,4.831939,4.820286,4.829764]"
1,moe_sparse,sym,transfer,2.201987,2.22402365,"[2.224871,2.212057,2.209732,2.216125,2.204342,2.197609,2.198481,2.220953,2.203981,2.201757,2.199673,2.206546,2.21371,2.19784,2.195074,2.201967,2.221144,2.199312,2.197719,2.196367,2.222988,2.243676,2.189864,2.19793,2.202007,2.217157,2.201777,2.195445,2.192039,2.220953]"
1,moe_sparse,sym_inductor,end_to_end,4.5585284999999995,4.6700294,"[4.573828,4.595168,4.584017,4.655102,4.569048,4.533751,4.559641,4.661995,4.56974,4.534062,4.551696,4.625937,4.554972,4.554731,4.561925,4.676603,4.536597,4.545524,4.555994,4.641105,4.542929,4.528,4.539964,4.629954,4.561905,4.557416,4.55368,4.683536,4.521878,4.549682]"
1,moe_sparse,sym_inductor,transfer,2.191873,2.2143875,"[2.186758,2.214261,2.189914,2.184434,2.191968,2.193711,2.21405,2.188591,2.188842,2.186337,2.21404,2.191958,2.183412,2.187099,2.200214,2.205474,2.190907,2.185696,2.18749,2.191097,2.204382,2.191878,2.191868,2.191668,2.216014,2.195485,2.198711,2.184444,2.199903,2.214491]"
1,moe_dense,torch,end_to_end,10.7724275,10.8169576,"[10.782968,10.801643,10.816192,10.817584,10.72679,10.821763,10.81516,10.788589,10.760074,10.775754,10.807294,10.772117,10.70091,10.751718,10.772738,10.745165,10.667635,10.786124,10.749182,10.730837,10.68507,10.775273,10.78423,10.750465,10.677726,10.76346,10.779641,10.752879,10.647777,10.775051]"
1,moe_dense,torch,transfer,8.227436999999998,8.251861049999999,"[8.24463,8.207058,8.238157,8.222037,8.225684,8.207098,8.223028,8.232737,8.236465,8.221175,8.221786,8.214012,8.230403,8.211627,8.22919,8.23933,8.243688,8.2132,8.210966,8.225453,8.206416,8.236615,8.590234,8.254449,8.248698,8.235322,8.231144,8.212789,8.241664,8.222488]"
1,moe_dense,inductor,end_to_end,16.515246,16.63901895,"[16.612989,16.641093,16.58235,16.439175,16.533126,16.636484,16.64451,16.403556,16.505573,16.605054,16.538666,16.455556,16.47313,16.576539,16.481647,16.340726,16.387375,16.598551,16.512115,16.425028,16.474382,16.60335,16.518377,16.381454,16.434486,16.58763,16.55609,16.337028,16.417412,16.5676]"
1,moe_dense,inductor,transfer,7.139742,7.1698265999999995,"[7.137744,7.125119,7.155056,7.125359,7.148254,7.149096,7.135329,7.141981,7.740681,7.140659,7.153714,7.142863,7.115381,7.124779,7.170336,7.129237,7.152883,7.135519,7.147742,7.118287,7.169204,7.146249,7.117204,7.141781,7.121822,7.164014,7.101463,7.131932,7.138825,7.116252]"
1,moe_dense,sym,end_to_end,18.296027000000002,18.4285221,"[18.391306,18.418929,18.231108,18.353733,18.261767,18.399892,18.235887,18.442825,18.247379,18.345589,18.2318,18.353352,18.225748,18.385955,18.363222,18.436371,18.19075,18.302965,18.1231,18.289089,18.235836,18.313927,18.17509,18.317995,18.182684,18.312694,18.132298,18.326742,18.13931,18.271334]"
1,moe_dense,sym,transfer,7.263681,7.28331775,"[7.308262,7.272452,7.264177,7.259327,7.270178,7.278764,7.260139,7.255861,7.284355,7.26635,7.242234,7.258185,7.2712,7.267533,7.248436,7.268655,7.272262,7.267783,7.257874,7.251382,7.259458,7.28205,7.265159,7.260028,7.270699,7.26046,7.261521,7.258485,7.259217,7.263185]"
1,moe_dense,sym_inductor,end_to_end,17.208948999999997,17.32819365,"[17.294518,17.300681,17.185148,17.30569,17.310099,17.324386,17.213213,17.331309,17.249442,17.247678,17.087632,17.292254,17.20151,17.20677,17.038947,17.351668,17.183475,17.191139,17.09263,17.208042,17.255683,17.19652,17.07698,17.286683,17.202462,17.229002,17.07177,17.209856,17.180519,17.181811]"
1,moe_dense,sym_inductor,transfer,7.246743,7.2661052,"[7.267322,7.222456,7.236584,7.24515,7.254738,7.223909,7.234881,7.252584,7.228027,7.220813,7.264437,7.26075,7.264618,7.2348,7.264106,7.238026,7.284266,7.254087,7.237786,7.260529,7.250521,7.262182,7.254017,7.258495,7.212848,7.230932,7.236483,7.248336,7.238968,7.232585]"
2,dlrm_512,inductor,end_to_end,3.6725335,4.802894949999997,"[6.93046,3.627437,3.622047,3.6343,5.238391,3.649169,3.61872,3.867358,4.270622,3.660721,3.594403,3.583963,3.88433,3.63964,3.779689,3.555729,3.940839,3.625433,3.684346,3.588872,3.732177,3.742477,3.689606,3.685468,4.020021,3.758368,3.600364,3.656883,3.729282,3.648928]"
2,dlrm_512,inductor,transfer,0.322434,0.33144969999999996,"[0.335775,0.334723,0.319894,0.321828,0.321537,0.327449,0.327348,0.323501,0.327199,0.323501,0.325956,0.325856,0.326327,0.324323,0.314905,0.327099,0.321798,0.321387,0.326357,0.327088,0.31754,0.312941,0.32304,0.317229,0.320496,0.321528,0.31789,0.316568,0.319594,0.318472]"
2,dlrm_512,sym_inductor,end_to_end,4.3901515,5.3015471499999975,"[4.412234,7.023168,4.538146,4.376265,4.648427,5.66995,4.398097,4.339745,4.403497,4.851277,4.572602,4.344794,4.303094,4.6916,4.388378,4.375033,4.357498,4.578433,4.463763,4.345285,4.373699,4.378088,4.295199,4.314796,4.267015,4.479774,4.307252,4.350525,4.391925,4.453574]"
2,dlrm_512,sym_inductor,transfer,0.7976719999999999,0.8634682999999999,"[0.888356,0.83305,0.821989,0.816548,0.815586,0.798944,0.790879,0.767504,0.768936,0.775288,0.803704,0.792852,0.797391,0.799165,0.793243,0.787603,0.792652,0.776371,0.794626,0.788474,0.78137,0.808593,0.790788,0.894989,0.832489,0.830144,0.812981,0.819343,0.778666,0.797953]"
2,dlrm_512,torch,end_to_end,3.5616399999999997,4.218555599999998,"[3.544177,3.535631,5.61794,3.581288,3.588602,3.564216,4.443975,3.541462,3.565658,3.533546,3.943043,3.570678,3.522255,3.543425,3.836318,3.622187,3.544858,3.510071,3.797584,3.483189,3.491185,3.559716,3.73866,3.499,3.563564,3.524499,3.693624,3.5671,3.541421,3.558634]"
2,dlrm_512,torch,transfer,0.2665965,0.27539015,"[0.274547,0.266251,0.27608,0.266943,0.266351,0.266943,0.264768,0.269397,0.265029,0.264568,0.296329,0.267513,0.273726,0.264308,0.266842,0.268356,0.262645,0.273525,0.263425,0.266211,0.262835,0.269999,0.267924,0.262875,0.270259,0.262403,0.264107,0.26062,0.271461,0.26545]"
2,dlrm_512,sym,end_to_end,4.6859895,5.246262399999999,"[4.610555,4.737268,4.639791,6.381475,4.570909,4.787144,4.625473,5.36305,4.523317,4.745674,4.810549,5.103522,4.797343,4.621956,4.629171,4.653557,4.531733,4.682503,4.678375,4.689476,4.594895,4.708984,4.715937,4.722841,4.803706,4.654619,4.645542,4.7541,4.697532,4.502267]"
2,dlrm_512,sym,transfer,0.77849,0.81453055,"[0.862226,0.792471,0.794115,0.778435,0.778545,0.788214,0.764979,0.790057,0.781932,0.766371,0.772614,0.774127,0.772744,0.769448,0.770019,0.805587,0.821848,0.800727,0.797341,0.783245,0.795338,0.782363,0.762715,0.795248,0.747605,0.757094,0.768335,0.75019,0.76033,0.764949]"
2,dlrm_2048,inductor,end_to_end,7.955121500000001,8.619468599999998,"[8.929227,12.645563,7.9885,7.908317,8.240875,7.902646,7.962992,7.947111,7.943625,7.924147,7.916322,7.95685,8.081038,7.881355,7.886775,7.886094,8.06102,7.954054,7.928055,7.922704,8.105525,8.018608,8.007858,7.956189,8.075398,7.823414,7.871505,8.14454,7.982989,7.862829]"
2,dlrm_2048,inductor,transfer,1.596641,1.67072745,"[1.672662,1.599151,1.608208,1.66074,1.592999,1.605914,1.59841,1.595133,1.605673,1.5938,1.575957,1.68191,1.596786,1.598169,1.580445,1.59382,1.586496,1.601836,1.589542,1.602787,1.58822,1.596967,1.591195,1.596786,1.58831,1.580365,1.587077,1.596496,1.586416,1.668363]"
2,dlrm_2048,sym_inductor,end_to_end,8.7786525,8.9965224,"[8.844764,9.162445,8.841088,8.936612,8.896845,8.886946,8.759742,8.68561,8.743871,8.793186,8.809467,8.758579,8.845426,8.880033,8.675088,8.757938,8.7333,8.78525,8.770592,8.765112,9.04554,8.850797,8.768077,8.788276,8.853481,8.705307,8.718542,8.68051,8.763779,8.772055]"
2,dlrm_2048,sym_inductor,transfer,2.222949,2.2646854999999997,"[2.345213,2.252395,2.221636,2.212729,2.190587,2.23935,2.22346,2.255461,2.213811,2.222017,2.23383,2.215935,2.207649,2.21296,2.243529,2.222438,2.218209,2.219893,2.261974,2.239932,2.190757,2.24431,2.221236,2.213882,2.266904,2.256733,2.208602,2.247586,2.22377,2.230914]"
2,dlrm_2048,torch,end_to_end,7.8546885,7.946075899999999,"[7.836689,7.826911,9.83144,7.834785,7.863951,7.864913,7.848903,7.803655,7.81137,7.872198,7.865945,7.814436,7.840697,7.841689,7.934868,7.832901,7.818704,7.820127,7.898607,7.917283,7.955246,7.891504,7.928515,7.910681,7.897947,7.849524,7.859853,7.788045,7.819997,7.860815]"
2,dlrm_2048,torch,transfer,1.8063734999999999,1.8239831,"[1.861875,1.824443,1.816097,1.804235,1.81713,1.81757,1.809695,1.802301,1.803393,1.803494,1.78627,1.813613,1.811288,1.820185,1.805376,1.803764,1.81227,1.812641,1.823421,1.800998,1.810127,1.799395,1.813682,1.80721,1.805537,1.802442,1.783905,1.797923,1.80172,1.799666]"
2,dlrm_2048,sym,end_to_end,8.8990385,9.295870449999999,"[8.81068,16.638482,8.879442,9.53473,8.846518,8.962602,8.888048,8.917184,8.87856,8.934177,8.967571,8.867769,8.884571,8.904088,8.835376,8.876265,8.834635,8.883789,8.963683,9.003931,8.969484,8.959314,8.927784,8.908517,8.85801,8.906563,8.893989,8.939005,8.86321,8.8471]"
2,dlrm_2048,sym,transfer,2.216351,2.27103075,"[2.281491,2.208862,2.208251,2.208281,2.202039,2.235152,2.258246,2.195446,2.198702,2.200946,2.204303,2.198782,2.216847,2.198992,2.215855,2.232106,2.224692,2.179295,2.238228,2.214152,2.22862,2.223419,2.213801,2.240152,2.316399,2.238068,2.243137,2.243668,2.209593,2.246003]"
2,gnn_256,inductor,end_to_end,1.2777635,1.67815015,"[1.667932,1.139749,1.324524,1.193572,1.685797,1.199072,1.320977,1.267444,1.651572,1.178954,1.310427,1.212708,1.654497,1.285358,1.1924,1.214432,1.668804,1.296259,1.270069,1.297812,1.65639,1.194584,1.335294,1.227597,1.642594,1.270169,1.229761,1.224792,1.693662,1.224832]"
2,gnn_256,inductor,transfer,0.5918365000000001,0.6061977999999999,"[0.631252,0.600263,0.57816,0.595093,0.600934,0.590354,0.58873,0.590504,0.592338,0.598559,0.590073,0.607447,0.587538,0.595013,0.591335,0.57839,0.59388,0.57804,0.586216,0.594452,0.586606,0.604671,0.595784,0.587698,0.601635,0.580425,0.584803,0.586977,0.594231,0.597678]"
2,gnn_256,sym_inductor,end_to_end,2.2475959999999997,2.68505305,"[2.324193,2.717067,2.216215,2.248367,2.246203,2.689945,2.178493,2.188262,2.289937,2.67178,2.104531,2.260881,2.116023,2.629589,2.210946,2.069383,2.248027,2.679074,2.135861,2.229812,2.157613,2.605152,2.117275,2.305427,2.121533,2.644147,2.107126,2.247165,2.253356,2.67216]"
2,gnn_256,sym_inductor,transfer,1.582679,1.68868215,"[1.726785,1.611154,1.588981,1.654457,1.550758,1.62486,1.622365,1.504509,1.576377,1.523134,1.662341,1.646562,1.543624,1.511753,1.473419,1.710234,1.607556,1.560476,1.648456,1.56771,1.455695,1.654126,1.554044,1.600673,1.518105,1.602266,1.630351,1.459002,1.492777,1.485843]"
2,gnn_256,torch,end_to_end,1.2210495,1.6239472,"[1.231965,1.200926,1.596035,1.218169,1.156321,1.229812,1.627324,1.231795,1.238248,1.255671,1.61982,1.190076,1.220494,1.19288,1.617426,1.207048,1.221605,1.181559,1.643155,1.161741,1.153465,1.177782,1.603188,1.193982,1.159506,1.249569,1.61965,1.203972,1.175427,1.247175]"
2,gnn_256,torch,transfer,0.7856434999999999,0.7973941,"[0.589672,0.76571,0.603929,0.789346,0.778284,0.786961,0.796659,0.794004,0.771791,0.778255,0.793113,0.781701,0.804505,0.788354,0.78628,0.789716,0.785007,0.790578,0.79703,0.780458,0.797692,0.787783,0.783404,0.778124,0.789816,0.771571,0.79139,0.776922,0.775028,0.782352]"
2,gnn_256,sym,end_to_end,2.5681054999999997,2.9248038,"[2.519197,2.450906,2.61429,2.885701,2.514338,2.571377,2.584693,2.820005,2.677652,2.460184,2.58872,2.956797,2.477056,2.528154,2.499971,2.987998,2.454012,2.438302,2.596716,2.842087,2.493117,2.471145,2.57782,2.793534,2.465353,2.564834,2.592788,2.855573,2.453882,2.527353]"
2,gnn_256,sym,transfer,1.5491095000000001,1.6139466,"[1.638035,1.596065,1.587448,1.485552,1.564504,1.548313,1.57781,1.549906,1.461616,1.628577,1.51536,1.567229,1.494419,1.582959,1.512634,1.557701,1.574003,1.526832,1.551169,1.509819,1.556288,1.502886,1.579854,1.521361,1.568061,1.533394,1.528244,1.479862,1.470984,1.495181]"
2,gnn_1024,inductor,end_to_end,2.7974959999999998,3.2874892,"[3.29714,2.800457,2.814233,2.782883,3.248527,2.77605,2.780097,2.800988,3.293233,2.80244,2.773865,2.798172,3.257534,2.792582,2.839862,2.780709,3.280469,2.795908,2.782592,2.777522,3.279907,2.803262,2.775759,2.785448,3.261842,2.772363,2.79682,2.783154,3.260179,2.773354]"
2,gnn_1024,inductor,transfer,2.6970935000000003,2.7523467,"[2.728929,2.695104,2.691237,2.743186,2.757825,2.686598,2.686708,2.737035,2.690305,2.683593,2.687299,2.720834,2.68254,2.691387,2.736674,2.779456,2.70821,2.69796,2.733658,2.74524,2.68779,2.699252,2.741693,2.68775,2.67716,2.696227,2.745651,2.679555,2.692699,2.722207]"
2,gnn_1024,sym_inductor,end_to_end,4.028319,4.53199735,"[4.02085,4.464923,3.929394,3.98478,4.016763,4.460975,3.979951,4.020218,4.028034,4.482566,3.981564,4.030719,4.029797,4.448,4.068682,4.058813,4.030719,4.550968,3.965814,3.98461,4.028604,4.448942,3.983508,3.988398,4.227256,4.545397,3.977036,4.002334,3.98426,4.51562]"
2,gnn_1024,sym_inductor,transfer,3.457949,3.5691257,"[3.493908,3.477527,3.467878,3.450705,3.505109,3.481714,3.471735,3.456837,3.414044,3.432491,3.456165,3.407321,3.413193,3.406069,3.449943,3.44822,3.46896,3.480232,3.621503,3.456587,3.63039,3.459061,3.475393,3.447799,3.49499,3.461737,3.464191,3.428924,3.435095,3.454212]"
2,gnn_1024,torch,end_to_end,4.028034,4.5005115,"[4.06777,3.999088,4.500561,4.053182,4.023064,4.031631,4.477587,4.017434,4.013836,4.016251,4.486805,4.060065,4.032092,3.992496,4.485332,4.015078,4.027293,4.02127,4.486854,4.018085,4.021922,4.013295,4.500451,4.019647,4.039876,4.028775,4.491804,4.004408,4.683933,4.008877]"
2,gnn_1024,torch,transfer,3.7467984999999997,3.84144365,"[3.753336,4.564594,3.749148,3.747565,3.757254,3.834743,3.747204,3.7401,3.740461,3.747415,3.742796,3.742716,3.746593,3.797652,3.744058,3.751653,3.742665,3.737215,3.73421,3.727286,3.758426,3.733278,3.846926,3.747004,3.736694,3.723078,3.815235,3.735903,3.748056,3.728047]"
2,gnn_1024,sym,end_to_end,4.5541985,4.877912449999999,"[4.53162,4.55742,4.551198,4.898675,4.556468,4.529186,4.5573,4.852536,4.551929,4.542,4.551179,4.9379,4.758797,4.58845,4.688582,4.839141,4.567219,4.52112,4.560757,4.610051,4.322469,4.40093,4.297712,4.658353,4.343961,4.301438,4.405979,4.681688,4.330565,4.296229]"
2,gnn_1024,sym,transfer,3.4238635,3.6378021499999997,"[3.433622,3.481794,3.449633,3.657212,3.607316,3.429073,3.426789,3.447549,3.404196,3.412561,3.390149,3.412121,3.460804,3.431438,3.438472,3.405678,3.412291,3.392313,3.409686,3.429114,3.414716,3.413855,3.396571,3.420938,3.592778,4.150078,3.405147,3.410898,3.402192,3.614079]"
2,llm_decode,inductor,end_to_end,30.614539,31.373062450000003,"[30.554765,29.846264,30.611163,30.31305,29.719912,30.796447,30.210784,29.955012,30.617915,31.231543,31.006791,30.425375,30.226684,30.84531,31.400746,29.952066,29.804513,30.752793,30.779754,30.372902,30.743423,30.852133,29.79326,30.362393,31.339227,30.727373,29.862092,31.253271,30.74732,36.132346]"
2,llm_decode,inductor,transfer,19.196016,19.2257764,"[19.195611,19.195219,19.191232,19.19521,19.196421,19.223473,19.184138,19.214136,19.183848,19.208685,19.190901,19.179449,19.191803,19.218154,19.212422,19.227661,19.191543,19.21105,19.171184,19.20096,19.198686,19.237591,19.210969,19.222632,19.191061,19.186873,19.20644,19.181373,19.179258,19.217632]"
2,llm_decode,inductor,kv_roundtrips,7.672815,7.77241555,"[7.751797,7.597891,7.466349,7.663297,7.475747,7.53977,7.552855,7.722932,7.33659,7.586961,7.69623,7.687845,7.688696,7.719836,7.700539,7.601358,7.665291,7.772497,7.665671,7.740305,7.723001,7.566231,7.781995,7.757578,7.679959,7.646284,7.662135,7.722772,7.652316,7.772316]"
2,llm_decode,sym_inductor,end_to_end,43.680754,43.888233500000005,"[43.861234,43.579944,43.726716,43.725964,43.740512,43.529126,43.83901,43.687459,43.991502,43.621673,43.639337,43.666729,43.686176,43.461755,43.684602,43.635137,43.787339,43.476232,43.746691,43.676906,43.910324,43.516889,43.729187,43.656878,43.653871,43.529102,43.745116,43.725468,43.641226,43.458716]"
2,llm_decode,sym_inductor,transfer,20.253149,20.2801236,"[20.264962,20.252568,20.269371,20.260483,20.229754,20.252388,20.280552,20.237149,20.250203,20.291754,20.262677,20.231548,20.220957,20.255684,20.25891,20.230265,20.239413,20.2796,20.233011,20.236698,20.260965,20.264912,20.235916,20.25373,20.275182,20.230907,20.225947,20.255282,20.272806,20.240294]"
2,llm_decode,sym_inductor,kv_roundtrips,19.1591445,19.6162024,"[19.351839,19.186381,19.20641,19.223112,19.170841,19.17014,19.402325,19.157927,19.161073,19.147957,19.117369,19.136556,19.176713,19.131256,19.141545,19.131787,19.165942,19.156805,24.812789,19.791193,19.188345,19.121367,19.146665,19.137999,19.149791,19.140042,19.177073,19.160362,19.126236,19.083835]"
2,llm_decode,torch,end_to_end,26.246268,26.33236225,"[26.211439,26.270672,26.231728,26.266664,26.274179,26.253699,26.231897,26.278607,26.240523,26.238209,26.236986,26.23354,26.190667,26.487496,26.227778,26.28127,26.236946,26.250952,26.211547,26.342998,26.246604,26.24509,26.319363,26.277403,26.256683,26.245932,26.211495,26.281881,26.249097,26.223338]"
2,llm_decode,torch,transfer,22.306154,22.3549719,"[22.361685,22.340124,22.291811,22.290369,22.330225,22.305728,22.315446,22.279037,22.30658,22.346767,22.303223,22.293845,22.297442,22.293845,22.305086,22.31263,22.288254,22.313061,22.301119,22.312711,22.322489,22.420347,22.289907,22.307351,22.334252,22.302691,22.272283,22.318111,22.320115,22.296089]"
2,llm_decode,torch,kv_roundtrips,2.1917315,2.20701015,"[2.203839,2.214339,2.193259,2.1782,2.180745,2.185935,2.191055,2.206024,2.181056,2.191977,2.189281,2.187147,2.207817,2.191335,2.19365,2.190264,2.187769,2.187107,2.196135,2.197457,2.184032,2.200743,2.196936,2.204401,2.185875,2.198479,2.191135,2.199401,2.191486,2.192587]"
2,llm_decode,sym,end_to_end,46.486965,47.0710549,"[46.58409,46.533663,46.537641,46.568961,46.464711,46.427679,46.580161,46.428931,46.590661,46.420866,47.472433,46.483134,46.441283,46.33575,46.385005,46.694489,46.404001,46.363844,46.48187,46.402578,46.490796,47.269351,46.54992,46.37787,46.459065,46.387439,46.828693,46.49841,46.563355,46.552724]"
2,llm_decode,sym,transfer,20.264454999999998,20.30031,"[20.288005,20.277134,20.350344,20.292784,20.274439,20.260923,20.244972,20.251946,20.294788,20.266082,20.304828,20.262166,20.251925,20.265201,20.267455,20.255532,20.24854,20.286232,20.215185,20.233862,20.244051,20.277014,20.263709,20.267135,20.282905,20.252838,20.235394,20.240273,20.279448,20.242857]"
2,llm_decode,sym,kv_roundtrips,18.2073065,19.5478415,"[18.209004,18.15965,18.145773,18.184748,18.118581,18.150913,18.174799,18.14378,18.194446,18.1646,19.876284,19.68137,19.38464,18.363651,18.233081,18.208003,18.192112,18.197282,18.184829,18.187223,18.20661,18.23249,18.212431,18.224745,18.222661,18.210718,18.215627,18.209095,18.218924,18.194226]"
2,llm_prefill,inductor,end_to_end,6.444687,6.646162999999999,"[6.786833,6.429307,6.46168,6.464195,6.419809,6.444537,6.408758,6.443164,6.420742,6.432754,6.465757,6.43589,6.413627,6.470477,6.405311,6.457842,6.384151,6.473001,6.394911,6.448464,6.421793,6.461289,6.45665,6.442934,6.444837,11.646469,6.45676,6.465928,6.423727,6.474233]"
2,llm_prefill,inductor,transfer,4.790793000000001,4.8040616499999995,"[4.797837,4.785303,4.783038,4.802515,4.803147,4.80481,4.797466,4.808958,4.793178,4.790783,4.802626,4.788419,4.78922,4.786234,4.795012,4.795743,4.790142,4.801894,4.789109,4.779271,4.782567,4.790803,4.780523,4.791294,4.786645,4.791945,4.801895,4.775213,4.781395,4.776195]"
2,llm_prefill,sym_inductor,end_to_end,6.9067985,7.226396699999999,"[7.610163,7.442943,6.94095,6.89968,6.958212,6.919919,6.890893,6.90485,6.946009,6.915079,6.898527,6.880844,6.948444,6.901143,6.89934,6.902866,6.954996,6.901694,6.908747,6.893648,6.961729,6.893368,6.891394,6.885903,6.943404,6.895122,6.913988,6.890633,6.950177,6.914699]"
2,llm_prefill,sym_inductor,transfer,5.0787855,5.1008286,"[5.094266,5.087753,5.092813,5.09185,5.085699,5.117149,5.072914,5.073716,5.072754,5.086911,5.090979,5.087122,5.079296,5.080829,5.091209,5.071983,5.074968,5.053177,5.072624,5.072604,5.066883,5.06497,5.087703,5.106198,5.078275,5.067384,5.072674,5.074878,5.084978,5.059739]"
2,llm_prefill,torch,end_to_end,6.964354,7.147626799999999,"[7.430779,7.268648,6.999712,6.994041,6.992989,6.96248,6.954275,6.961589,6.992257,6.973101,6.929668,6.957721,6.953684,6.979322,6.944676,6.958773,6.942793,6.970917,6.924227,6.954856,6.965857,6.962851,6.926251,6.948353,6.948694,6.969995,6.98828,6.974934,6.973912,6.97793]"
2,llm_prefill,torch,transfer,5.6029765000000005,5.61900485,"[5.750645,5.596479,5.604544,5.599294,5.601429,5.62304,5.60221,5.60208,5.597781,5.598713,5.597952,5.614073,5.608983,5.608743,5.605987,5.59202,5.595948,5.604825,5.608522,5.606419,5.604044,5.60225,5.601669,5.607981,5.599845,5.589876,5.609323,5.605958,5.592171,5.603703]"
2,llm_prefill,sym,end_to_end,7.568243000000001,7.7016178,"[7.909278,7.500513,7.620804,7.596567,7.580948,7.484943,7.679807,7.578803,7.463782,7.482027,7.633839,7.570808,7.465265,7.453112,7.61853,7.568082,7.476346,7.460897,7.63969,7.568404,7.567953,7.480795,7.646213,7.550519,7.567973,7.589173,7.719463,7.569665,7.56188,7.455527]"
2,llm_prefill,sym,transfer,5.1065190000000005,5.12246855,"[5.111599,5.12273,5.119273,5.11238,5.105196,5.09665,5.122149,5.112511,5.1075,5.104565,5.125515,5.093414,5.102912,5.113251,5.107321,5.103563,5.105717,5.11724,5.113613,5.099526,5.095738,5.1022,5.096831,5.098142,5.10227,5.11748,5.113432,5.103032,5.099185,5.112951]"
2,moe_sparse,inductor,end_to_end,4.397658,4.42698515,"[4.420532,4.41427,4.396776,4.404752,4.393169,4.432265,4.38857,4.452864,4.38831,4.405143,4.39854,4.40913,4.355848,4.411956,4.405564,4.386757,4.372711,4.408369,4.381297,4.399222,4.352642,4.40352,4.38834,4.405293,4.375215,4.378522,4.360086,4.402697,4.33603,4.388741]"
2,moe_sparse,inductor,transfer,1.8400604999999999,1.8549631,"[1.845221,1.84516,1.839529,1.85545,1.844719,1.842395,1.843668,1.854368,1.831003,1.824311,1.831795,1.827947,1.85019,1.847114,1.833117,1.823519,1.885057,1.838327,1.827086,1.840592,1.83446,1.851743,1.832767,1.825232,1.848958,1.820392,1.835222,1.853516,1.85028,1.82398]"
2,moe_sparse,sym_inductor,end_to_end,4.531856,4.6513015,"[4.51892,4.598794,4.54957,4.559168,4.595288,4.605437,4.526105,4.524101,4.592682,4.577263,4.498522,4.480658,4.537607,4.567224,4.506237,4.488552,4.525263,4.556163,4.482992,4.484865,4.54972,4.552625,4.486949,4.504743,4.516857,4.567655,4.469776,4.488071,4.688827,5.085377]"
2,moe_sparse,sym_inductor,transfer,2.2011380000000003,2.2230933999999998,"[2.220691,2.217354,2.20945,2.201183,2.195042,2.21995,2.194581,2.210261,2.207205,2.198748,2.225059,2.195342,2.200432,2.196084,2.219659,2.18892,2.203328,2.174452,2.198329,2.215962,2.196234,2.201715,2.18922,2.218747,2.185393,2.201093,2.182217,2.191776,2.22538,2.209329]"
2,moe_sparse,torch,end_to_end,3.203036,3.23361455,"[3.247892,3.218506,3.179631,3.233174,3.222954,3.223164,3.154352,3.219056,3.212605,3.216652,3.151828,3.208196,3.198517,3.198507,3.161115,3.208576,3.21034,3.204749,3.149393,3.179822,3.211682,3.201583,3.156186,3.195491,3.188087,3.195321,3.14265,3.17924,3.233975,3.204489]"
2,moe_sparse,torch,transfer,2.105034,2.12953405,"[2.117513,2.100791,2.119617,2.12647,2.108486,2.100751,2.106562,2.103787,2.117493,2.106763,2.132041,2.109037,2.112173,2.455923,2.102795,2.102565,2.101002,2.110028,2.094018,2.091362,2.104859,2.103255,2.105209,2.096633,2.114147,2.111542,2.093206,2.080753,2.100961,2.092044]"
2,moe_sparse,sym,end_to_end,4.7357365,4.7972478,"[4.718204,4.67982,4.803186,4.775032,4.695439,4.686452,4.788097,4.78426,4.676964,4.661144,4.762809,4.736378,4.748081,4.658789,4.759864,4.749954,4.686272,4.655563,4.785282,4.735095,4.670121,4.729956,4.754833,4.75813,4.661915,4.648689,4.753561,4.78999,6.013829,4.652788]"
2,moe_sparse,sym,transfer,2.1802330000000003,2.2030906,"[2.195693,2.186245,2.198358,2.182497,2.179352,2.179202,2.181867,2.208287,2.180644,2.179121,2.173981,2.185974,2.205733,2.177728,2.180865,2.174372,2.179822,2.196174,2.17859,2.186305,2.171166,2.181025,2.191204,2.179192,2.177007,2.173069,2.178891,2.199861,2.170064,2.166638]"
2,moe_dense,inductor,end_to_end,16.4561465,16.616019100000003,"[16.603476,16.56463,16.421786,16.644885,16.391337,16.606701,16.39777,16.623643,16.354237,16.490427,16.39243,16.57518,16.380327,16.487412,16.323658,16.491149,16.289182,16.476741,16.338065,16.571173,16.319981,16.466862,16.43431,16.50225,16.310703,16.508943,16.327856,16.445431,16.253603,16.505917]"
2,moe_dense,inductor,transfer,7.1127769999999995,7.1314341,"[7.115848,7.114686,7.119024,7.129053,7.104857,7.099767,7.12741,7.096491,7.164922,7.110588,7.125185,7.09642,7.098504,7.104386,7.126158,7.104646,7.100168,7.130927,7.127259,7.131849,7.126037,7.127159,7.102943,7.100097,7.110868,7.127159,7.100187,7.086992,7.107602,7.123161]"
2,moe_dense,sym_inductor,end_to_end,17.2771915,17.421875,"[17.46638,17.265845,17.36748,17.350317,17.365817,17.296143,17.33639,17.333585,17.274111,17.133381,17.298367,17.276385,17.271396,17.146806,17.286615,17.300481,17.156946,17.159731,17.288267,17.277998,17.46653,17.131547,17.338093,17.263891,17.285142,17.146345,17.262147,17.245867,17.118852,17.066793]"
2,moe_dense,sym_inductor,transfer,7.224962,7.27584405,"[7.267137,7.226109,7.224496,7.215228,7.236869,7.212462,7.246107,7.211862,7.228243,7.191934,7.211651,7.193256,7.225689,7.201452,7.213074,7.288849,7.231379,7.21125,7.209947,7.244334,7.230668,7.22642,7.225428,7.282968,7.233964,7.207703,7.202283,7.21139,7.230898,7.203175]"
2,moe_dense,torch,end_to_end,10.6864405,10.73649225,"[10.744518,10.726683,10.58456,10.699431,10.723357,10.691767,10.596092,10.723256,10.701575,10.67801,10.611352,10.710792,10.722485,10.705633,10.562188,10.701044,10.683079,10.747543,10.561215,10.711033,10.670415,10.674613,10.561246,10.674332,10.669974,10.645858,10.577257,10.663412,10.689802,10.719158]"
2,moe_dense,torch,transfer,8.189186500000002,8.2152985,"[8.174288,8.158948,8.205117,8.18043,8.182343,8.192602,8.146715,8.194586,8.538396,8.185649,8.189457,8.200988,8.186631,8.168156,8.148659,8.215106,8.171151,8.215456,8.193264,8.148869,8.208764,8.188555,8.202743,8.188916,8.160822,8.192913,8.176121,8.205558,8.201079,8.208543]"
2,moe_dense,sym,end_to_end,18.016754499999998,18.137942250000002,"[18.112148,17.943916,18.078052,18.145241,18.099975,17.957201,18.04022,18.075448,17.98753,17.843112,18.130564,18.073364,18.028809,17.898859,17.960227,18.051482,18.143979,17.923516,18.01941,17.976588,18.074055,17.848752,18.018919,18.033186,17.938755,17.815208,18.01459,17.971999,17.89424,17.765202]"
2,moe_dense,sym,transfer,7.2758345,7.334047,"[7.296574,7.26845,7.29997,7.276877,7.283229,7.285513,7.262268,7.252479,7.245957,7.272448,7.319769,7.276416,7.281495,7.27359,7.296404,7.266897,7.265103,7.279231,7.261216,7.285583,7.278389,7.264533,7.275253,7.270745,7.280233,7.262438,7.264713,7.240106,7.37229,7.345729]"
3,dlrm_512,sym_inductor,end_to_end,4.596893,6.395867449999996,"[10.387466,4.576996,4.564662,4.690433,6.94727,4.613836,4.633413,4.638513,5.721931,4.59537,4.585111,4.593617,5.191283,4.58469,4.51139,4.587105,4.953367,4.599188,4.589189,4.590341,4.762391,4.598416,4.582466,4.577065,4.728757,4.431226,4.544322,4.53791,4.628154,4.62623]"
3,dlrm_512,sym_inductor,transfer,0.8066819999999999,0.8465463,"[0.945062,0.852795,0.838909,0.825032,0.811496,0.806066,0.831363,0.811757,0.786178,0.795395,0.811506,0.799132,0.81356,0.812308,0.809182,0.794333,0.800464,0.77727,0.778332,0.806016,0.807298,0.816415,0.789984,0.802809,0.785126,0.797359,0.798982,0.798911,0.82973,0.813079]"
3,dlrm_512,sym,end_to_end,4.8061745,6.354412899999996,"[4.844649,9.501337,4.764885,4.822285,4.819611,6.893827,4.807758,4.804591,4.690763,5.695129,4.760697,4.769385,4.800875,5.416946,4.799311,4.729207,4.645126,5.127391,4.692577,4.859998,4.938469,4.900525,4.691124,4.831824,4.783752,4.957275,4.74633,4.731351,4.670565,4.888243]"
3,dlrm_512,sym,transfer,0.7974435,0.9720442499999999,"[0.88117,0.811656,0.955943,0.98595,0.985218,0.896889,0.833929,0.809011,0.799232,0.80315,0.831424,0.832286,0.815855,0.790986,0.809111,0.783562,0.800054,0.781228,0.770247,0.775056,0.795655,0.779705,0.773764,0.769576,0.776148,0.774284,0.770277,0.784454,0.765528,0.760077]"
3,dlrm_512,inductor,end_to_end,3.8369869999999997,5.031845249999997,"[3.850593,3.806288,7.716655,3.756302,3.955283,3.983889,5.453196,3.788353,3.817439,3.89588,4.516861,3.791139,3.981072,4.27193,4.321645,3.767073,3.775769,3.809184,4.103077,3.823871,3.772944,3.790337,3.967968,3.818261,3.830705,3.805707,3.983477,3.794696,3.964461,3.843269]"
3,dlrm_512,inductor,transfer,0.32367049999999997,0.3384726,"[0.339,0.32334,0.329813,0.329091,0.326436,0.337828,0.32345,0.319643,0.331406,0.323891,0.326135,0.327688,0.321857,0.319082,0.325975,0.314824,0.315695,0.318701,0.312729,0.317759,0.322328,0.331586,0.324362,0.340513,0.317899,0.318651,0.328109,0.317259,0.317108,0.327268]"
3,dlrm_512,torch,end_to_end,3.7374460000000003,4.748017849999998,"[3.782943,3.672431,3.622665,6.805829,3.724621,3.746924,3.737275,5.052347,3.697268,3.617045,3.731605,4.37606,3.713529,3.82263,3.701737,4.121372,3.692229,3.628788,3.749088,3.922371,3.619169,3.697218,3.737617,3.940324,3.604971,3.688502,3.74984,4.005069,3.752935,3.743608]"
3,dlrm_512,torch,transfer,0.264327,0.27298160000000005,"[0.267312,0.273284,0.265058,0.261451,0.263586,0.26628,0.261812,0.261131,0.266361,0.264677,0.264457,0.261842,0.272612,0.262282,0.264888,0.262193,0.265349,0.264197,0.264687,0.273534,0.262483,0.263776,0.263866,0.264717,0.265168,0.26034,0.263004,0.264608,0.261761,0.259668]"
3,dlrm_2048,sym_inductor,end_to_end,8.9599075,10.024703949999996,"[14.784283,9.003471,8.955048,9.0444,10.65109,8.985406,8.99811,9.089065,9.259121,9.046894,8.89333,8.853904,8.91906,8.92976,9.028388,8.969416,9.201691,8.93518,8.893099,8.964767,9.073465,8.947754,8.889673,8.89312,8.906605,8.930281,8.846159,8.913959,8.993571,8.863582]"
3,dlrm_2048,sym_inductor,transfer,1.9437065,1.9927433,"[2.029961,1.917837,1.946121,1.938797,1.973774,1.983523,1.964796,1.990947,1.978763,1.941292,1.988933,1.946972,1.907968,1.978714,1.97658,1.939749,1.895755,1.887178,1.913118,1.895213,1.894893,1.895684,1.962111,1.928708,1.921193,1.978804,1.93494,1.907327,1.994213,1.958404]"
3,dlrm_2048,sym,end_to_end,9.181382,12.067792749999997,"[9.144391,11.331835,9.09669,9.13857,9.75416,9.396164,9.172034,9.179619,9.1592,9.206941,9.13878,9.11787,17.393967,12.66994,9.183797,9.240816,10.378597,9.369503,9.12848,9.163808,9.168838,9.252679,9.214165,9.080408,9.004433,9.140493,9.108622,9.22218,9.527155,9.183145]"
3,dlrm_2048,sym,transfer,1.9273145,1.9548265,"[2.00849,1.931743,1.898479,1.900403,1.901425,1.941783,1.957162,1.914771,1.928968,1.919289,1.949858,1.935861,1.926113,1.932205,1.951972,1.929679,1.941863,1.89367,1.896536,1.933677,1.93,1.903619,1.932425,1.901996,1.860387,1.928126,1.916634,1.926503,1.910011,1.86774]"
3,dlrm_2048,inductor,end_to_end,8.047348,9.109401349999999,"[7.978055,8.131941,8.831972,7.916056,8.058539,8.009576,8.038291,7.982754,8.156257,8.03801,7.997332,7.98086,16.307304,8.060142,9.336389,8.042579,8.142099,8.125898,8.1477,8.042358,8.0015,8.197486,8.067677,8.003013,7.967064,8.002041,8.014264,8.057958,8.113645,8.052117]"
3,dlrm_2048,inductor,transfer,1.5839365,1.64223925,"[1.635015,1.604125,1.582935,1.597222,1.659391,1.590168,1.59616,1.589818,1.584217,1.64815,1.589888,1.583656,1.579318,1.575691,1.598555,1.579168,1.589337,1.578186,1.573887,1.615207,1.576503,1.575741,1.574849,1.581913,1.609025,1.572585,1.578175,1.573807,1.579828,1.598244]"
3,dlrm_2048,torch,end_to_end,7.9666685,8.1744855,"[7.909013,7.877883,7.908261,8.205,8.02266,7.924523,7.878715,7.944751,7.944201,7.972886,7.93877,7.979849,8.025286,7.982313,8.022701,8.524873,7.992572,7.989427,8.028662,8.048691,7.909354,7.937037,7.960451,7.990299,7.926967,7.900957,7.978205,8.13719,7.940743,7.93911]"
3,dlrm_2048,torch,transfer,1.4492479999999999,1.4662688499999998,"[1.475018,1.453767,1.468054,1.45494,1.452024,1.442695,1.451683,1.447125,1.440822,1.442967,1.449198,1.450049,1.451152,1.447034,1.455951,1.444489,1.425793,1.464087,1.443287,1.454699,1.447355,1.458506,1.438467,1.445781,1.453617,1.462433,1.443166,1.444239,1.449298,1.43435]"
3,gnn_256,sym_inductor,end_to_end,2.396349,2.68807715,"[2.606848,2.341048,2.284099,2.395913,2.673024,2.285171,2.337971,2.42072,2.695868,2.330137,2.383139,2.435489,2.601217,2.278087,2.385333,2.359403,2.700907,2.317923,2.353682,2.346027,2.66557,2.425299,2.504662,2.396785,2.678555,2.29017,2.605675,2.436381,2.659769,2.322732]"
3,gnn_256,sym_inductor,transfer,1.5686115,1.65751495,"[1.72121,1.64376,1.466922,1.573466,1.595177,1.562665,1.418119,1.668769,1.573727,1.595779,1.496789,1.582013,1.563757,1.508802,1.599055,1.545583,1.611819,1.54934,1.490377,1.624003,1.603523,1.485367,1.535564,1.597152,1.53346,1.50242,1.548939,1.563086,1.626127,1.593695]"
3,gnn_256,sym,end_to_end,2.2900855,2.910153,"[2.272476,2.89021,2.245835,2.26907,2.400512,2.8432,2.292465,2.276053,2.23773,2.84838,2.247399,2.257247,2.245335,2.838141,2.270503,2.257608,2.335006,2.775811,2.294469,2.245916,2.251186,2.953512,2.275342,2.287706,2.29502,2.777043,2.396905,2.271986,2.325738,2.92647]"
3,gnn_256,sym,transfer,1.5200135000000001,1.63145375,"[1.592864,1.583706,1.615677,1.699749,1.598023,1.529572,1.441403,1.644362,1.510455,1.559871,1.482622,1.549079,1.46606,1.488713,1.468445,1.581472,1.478815,1.47636,1.445852,1.473324,1.542086,1.536245,1.466712,1.558298,1.482872,1.472363,1.604957,1.585489,1.490768,1.483544]"
3,gnn_256,inductor,end_to_end,1.1982265,1.68305495,"[1.153902,1.216322,1.630616,1.157368,1.181905,1.139704,1.64338,1.131139,1.102614,1.222453,1.655003,1.179681,1.154352,1.256459,1.670502,1.187126,1.204339,1.144414,1.712483,1.1947,1.185222,1.135987,1.692194,1.160524,1.201753,1.139434,1.671885,1.287579,1.205631,1.24685]"
3,gnn_256,inductor,transfer,0.5918545,0.612357,"[0.6365,0.612324,0.58945,0.588739,0.597846,0.590802,0.607384,0.586104,0.5897,0.612384,0.587195,0.58426,0.5948,0.587687,0.594049,0.586675,0.592907,0.597345,0.593778,0.608858,0.582667,0.577958,0.590092,0.590011,0.599028,0.587987,0.593988,0.59985,0.588127,0.605681]"
3,gnn_256,torch,end_to_end,1.1728385000000001,1.6560669,"[1.205271,1.186354,1.146568,1.609736,1.132521,1.115248,1.159713,1.659631,1.174582,1.129976,1.167368,1.647919,1.158501,1.139574,1.210461,1.598584,1.164332,1.148091,1.203737,1.597142,1.17351,1.159082,1.195732,1.658118,1.172167,1.111371,1.222583,1.65356,1.167919,1.131679]"
3,gnn_256,torch,transfer,0.7315525,0.7923606499999999,"[0.727796,0.804683,1.097344,0.7773,0.744036,0.731743,0.714369,0.732054,0.745289,0.732694,0.710361,0.739247,0.737574,0.727154,0.716163,0.712385,0.73014,0.714519,0.736722,0.734308,0.731362,0.733276,0.73012,0.729709,0.742684,0.725511,0.733345,0.716514,0.729418,0.725681]"
3,gnn_1024,sym_inductor,end_to_end,4.2028665,4.639943049999999,"[4.724926,4.417448,4.232984,4.26789,4.477773,4.172579,4.183539,4.188629,4.484256,4.17861,4.141418,4.169192,4.470299,4.145346,4.170594,4.217905,4.775513,4.167559,4.198408,4.379034,4.514473,4.132721,4.203478,4.193148,4.442445,4.202255,4.182678,4.536075,4.496419,4.148992]"
3,gnn_1024,sym_inductor,transfer,3.487981,3.5314107499999996,"[3.509347,3.50571,3.499568,3.498746,3.703579,3.512873,3.492474,3.481563,3.456826,3.465433,3.508475,3.456345,3.504638,3.546578,3.488427,3.441988,3.499218,3.444532,3.451426,3.451757,3.46419,3.440845,3.480761,3.468649,3.476825,3.487535,3.493296,3.50054,3.502334,3.46906]"
3,gnn_1024,sym,end_to_end,4.368487999999999,4.9297306,"[4.348445,4.881958,4.368433,4.329449,4.290865,4.975357,4.368243,4.30966,4.412929,4.920682,4.34569,4.358164,4.339898,4.937134,4.368543,4.417607,4.328597,4.856789,4.321855,4.390716,4.55404,4.853443,4.518591,4.36644,4.346491,4.900994,4.336372,4.629354,4.35105,4.865146]"
3,gnn_1024,sym,transfer,3.4384205000000003,3.69456595,"[3.748375,3.696586,3.692097,3.67288,3.638725,3.456636,3.436517,3.462256,3.43777,3.474981,3.600381,3.410888,3.419865,3.436738,3.408494,3.446517,3.397533,3.508174,3.444803,3.418573,3.427279,3.375921,3.439071,3.393054,3.409455,3.466605,3.414766,3.38577,3.480992,3.393375]"
3,gnn_1024,inductor,end_to_end,2.8078165,3.2854763,"[2.823983,2.816479,3.290076,2.816318,2.792433,2.805257,3.283614,2.80139,2.815176,2.794897,3.254649,2.807932,2.793334,2.79126,3.287,2.806179,2.8223,2.807701,3.272242,2.803754,2.791632,2.778166,3.266982,2.80196,2.800127,2.788986,3.273254,2.849242,2.811339,2.789667]"
3,gnn_1024,inductor,transfer,2.7015335,2.7548783,"[2.703172,2.699163,2.734722,2.692171,2.705286,2.680398,2.698042,2.672182,2.692572,2.721076,2.685949,2.701469,2.752335,2.733299,2.698252,2.68145,2.748529,2.758318,2.701598,2.692831,2.753148,2.737607,2.689225,2.689014,2.737266,2.694144,2.680418,2.744921,2.756294,2.70256]"
3,gnn_1024,torch,end_to_end,4.1087355,4.657738749999999,"[4.078097,4.084269,4.144495,4.484156,4.072596,4.154303,4.114917,4.479206,4.079721,4.165374,4.076924,4.470399,4.102554,4.076273,4.073779,4.467353,4.073919,4.065734,4.150025,4.483824,4.117642,4.059982,4.210481,4.465149,4.069541,4.089178,4.065563,5.087983,4.078798,4.799761]"
3,gnn_1024,torch,transfer,3.734654,4.456327699999999,"[4.494566,4.496929,4.409592,3.716785,3.755869,3.761861,3.750789,3.716574,3.734148,3.768744,3.729229,3.716123,3.732946,3.771088,3.726312,3.722245,3.73516,3.764216,3.721162,3.728106,3.731372,3.761811,3.740671,3.718107,3.728777,3.772241,3.747372,3.717976,3.743796,3.715141]"
3,llm_decode,sym_inductor,end_to_end,43.46519,43.6360199,"[43.532671,43.513945,43.509576,43.455793,43.440414,43.556125,43.506611,43.511641,43.422199,43.9245,43.457786,43.472855,43.460331,43.417128,43.441935,43.420333,43.470129,43.616078,43.412188,43.458627,43.470049,43.459848,43.41938,43.37266,43.417166,43.532257,43.536805,43.470509,43.384814,43.652336]"
3,llm_decode,sym_inductor,transfer,20.195467999999998,20.2355221,"[20.193825,20.18591,20.233982,20.203062,20.182954,20.189467,20.21695,20.227269,20.169669,20.175119,20.210307,20.234784,20.227039,20.173216,20.177714,20.197111,20.186872,22.333204,20.212511,20.236126,20.190408,20.183726,20.207862,20.211779,20.20165,20.182864,20.178065,20.172334,20.188975,20.200107]"
3,llm_decode,sym_inductor,kv_roundtrips,19.385135,19.44825075,"[19.454148,19.441043,19.415593,19.393392,19.366039,19.353875,19.404472,19.405313,19.343856,19.367562,19.374444,19.36696,19.389122,19.399172,19.41413,19.383041,19.416635,19.39851,19.380877,19.354967,19.388953,19.342153,19.375597,19.357672,19.515966,19.425482,19.359786,19.343836,19.362131,19.387229]"
3,llm_decode,sym,end_to_end,47.369074499999996,48.12732465,"[47.423177,47.658288,47.763949,47.36283,47.397276,47.594875,47.466429,47.382278,47.370904,49.441092,47.338462,47.247959,47.36328,47.526623,47.366506,47.244461,47.320237,47.490813,47.333432,47.328242,47.310558,47.634368,47.274297,47.192821,47.240412,48.424632,47.427691,47.367245,47.353368,47.607906]"
3,llm_decode,sym,transfer,20.368204,20.4042275,"[20.4265,20.36398,20.366385,20.339834,20.362327,20.336558,20.356216,20.389409,20.349512,20.401362,20.38988,20.371595,20.406572,20.344133,20.367247,20.380411,20.352949,20.391904,20.385131,20.359762,20.382586,20.369161,20.374671,20.339944,20.354782,20.378618,20.332289,20.373849,20.369791,20.356997]"
3,llm_decode,sym,kv_roundtrips,18.4096805,18.54311045,"[18.550094,18.500008,18.46942,18.461725,18.461504,18.42263,18.460613,18.437098,18.446746,18.431246,18.486943,18.409735,18.392532,25.137116,18.534575,18.366533,18.390138,18.389556,18.346354,18.372464,18.374498,18.376772,18.369518,18.38601,18.409626,18.343097,18.387763,18.341975,18.419093,18.357255]"
3,llm_decode,inductor,end_to_end,30.273181,30.79084,"[30.232835,30.300835,30.268643,30.315062,30.245639,30.097094,30.175846,30.264726,30.223857,30.973724,30.080081,30.172728,30.171125,30.286898,30.074811,30.437696,30.300062,30.302326,30.139274,30.386267,30.284252,30.277719,30.308488,30.419941,30.197956,30.835507,30.124034,30.2421,30.504472,30.736247]"
3,llm_decode,inductor,transfer,19.1379655,19.171206599999998,"[19.558186,19.169982,19.15312,19.171635,19.129805,19.143211,19.139924,19.129084,19.158711,19.108615,19.146688,19.109516,19.120006,19.170683,19.117602,19.109095,19.108133,19.124294,19.102512,19.133772,19.169471,19.136007,19.158911,19.146406,19.124755,19.140415,19.140655,19.103594,19.148391,19.125847]"
3,llm_decode,inductor,kv_roundtrips,7.8544605,7.94274625,"[7.694794,7.908524,7.938041,7.777933,7.803362,8.090602,7.754869,7.842768,7.913743,7.892112,7.864649,7.946596,7.766802,7.842357,7.69752,7.784907,7.898505,7.931317,7.774536,7.852978,7.889077,7.828911,7.855943,7.881362,7.878225,7.932209,7.754268,7.848389,7.929704,7.8182]"
3,llm_decode,torch,end_to_end,27.152306000000003,27.48291165,"[27.122174,27.108979,27.165246,27.164344,27.149957,27.134628,27.154655,27.141901,29.74573,27.141259,27.169553,27.158653,27.144215,27.163953,27.160325,27.155106,27.132131,27.140256,27.099349,27.139625,27.280686,27.143744,27.144264,27.175694,27.160515,27.177177,27.648369,27.132411,27.110829,27.158931]"
3,llm_decode,torch,transfer,22.343472499999997,22.3946765,"[22.340226,22.39919,22.400351,22.332982,22.34223,22.359663,22.344084,22.36348,22.382818,22.341518,22.362389,22.329906,22.379441,22.356708,22.374933,22.351638,22.367378,22.38916,22.327502,22.352068,22.330196,22.342861,22.340636,22.348311,22.342259,22.336028,22.322271,22.319787,22.323684,22.328724]"
3,llm_decode,torch,kv_roundtrips,2.2272119999999997,2.26205775,"[2.24902,2.230324,2.227939,2.240483,2.226576,2.21781,2.221707,2.23367,2.225444,2.224131,2.221657,2.234471,2.213291,2.210495,2.222268,2.245592,2.221507,2.227848,2.224252,2.272725,2.21813,2.217189,2.223541,2.229913,2.230584,2.211157,2.236655,2.236956,2.789585,2.246634]"
3,llm_prefill,sym_inductor,end_to_end,6.6012125,7.066367700000001,"[7.144859,7.07199,7.059496,6.642206,6.557624,6.609764,6.622779,6.629362,6.562613,6.594835,6.601288,6.585928,6.548015,6.644381,6.603572,6.582772,6.567813,6.575588,6.613541,6.605095,6.54501,6.598061,6.615154,6.646284,6.559007,6.61294,6.601137,6.577753,6.576881,6.573024]"
3,llm_prefill,sym_inductor,transfer,5.1250295,5.14076925,"[5.128116,5.133806,5.144106,5.114569,5.117575,5.136691,5.117104,5.110351,5.121653,5.131501,5.125631,5.120581,5.119428,5.120791,5.135339,5.119619,5.131121,5.130961,5.115231,5.12521,5.126693,5.124167,5.152642,5.131472,5.127234,5.124237,5.124849,5.123787,5.136381,5.121523]"
3,llm_prefill,sym,end_to_end,7.6852795,8.222803449999999,"[8.096733,8.325952,7.6984,7.681397,7.764767,7.878305,7.658573,7.669765,7.660808,7.802299,7.673722,7.685405,7.654636,8.730818,7.66713,7.661068,7.641551,7.870981,7.685435,7.694032,7.663293,7.794474,7.674945,7.675607,7.685154,7.818621,7.688972,7.684102,7.660638,7.868707]"
3,llm_prefill,sym,transfer,5.100327,5.1113177,"[5.094951,5.095253,5.100673,5.103348,5.112305,5.099851,5.106424,5.100653,5.098058,5.108338,5.100883,5.084792,5.100001,5.093619,5.093579,5.093198,5.103608,5.088359,5.110111,5.102175,5.106895,5.107776,5.090453,5.075665,5.109289,5.071707,5.093319,5.115612,5.096044,5.108107]"
3,llm_prefill,inductor,end_to_end,6.4197555,6.6679752,"[6.666873,6.668877,6.653548,6.411244,6.458524,6.446572,6.366508,6.421564,6.403159,6.376387,6.38309,6.405673,6.410532,7.122947,6.385755,6.458344,6.469095,6.427395,6.37257,6.449216,6.455158,6.417947,6.373472,6.473533,6.43559,6.386676,6.407557,6.396386,6.406745,6.448074]"
3,llm_prefill,inductor,transfer,4.824934,4.84140515,"[4.82797,4.832689,4.842167,4.824664,4.831066,4.805557,4.83836,4.835805,4.819003,4.831026,4.855062,4.840474,4.824814,4.810346,4.833281,4.827699,4.818882,4.837969,4.820816,4.819624,4.824744,4.82759,4.820476,4.831176,4.813743,4.823772,4.824714,4.819775,4.825054,4.824083]"
3,llm_prefill,torch,end_to_end,6.9942855,7.43317125,"[7.429093,7.436508,7.443722,7.016804,6.996826,7.000212,6.987638,6.997677,6.994962,6.974373,6.985444,6.993609,6.987898,7.156913,6.973791,6.990453,6.981006,6.984542,7.002216,7.005773,6.989021,7.007997,6.995954,6.958973,6.981306,6.995924,6.983641,6.996965,6.986596,6.988369]"
3,llm_prefill,torch,transfer,5.625017,5.6457634500000005,"[5.625598,5.620849,5.62602,5.613595,5.61067,5.635197,5.636389,5.647761,5.622913,5.627582,5.632231,5.61094,5.609908,5.63164,5.614507,5.641249,5.605239,5.62673,5.62153,5.651408,5.627461,5.61079,5.599278,5.627342,5.624436,5.615068,5.604428,5.643322,5.602925,5.638833]"
3,moe_sparse,sym_inductor,end_to_end,4.6337025,4.70562925,"[4.660579,4.631383,4.656221,4.65057,4.621413,4.701287,4.683212,4.709182,4.627175,4.623257,4.634659,4.681609,4.618719,4.649267,4.617887,4.651842,4.602287,4.621313,4.628948,4.663224,4.657393,4.632746,4.614351,4.667472,4.580966,4.593451,4.608449,4.644939,4.581427,4.986563]"
3,moe_sparse,sym_inductor,transfer,2.2061669999999998,2.2319101,"[2.232217,2.216106,2.23372,2.212639,2.198432,2.201959,2.231535,2.20792,2.20272,2.199995,2.212579,2.210916,2.201148,2.202209,2.195246,2.225905,2.200836,2.203982,2.192781,2.214593,2.209382,2.195196,2.195416,2.206908,2.211126,2.20279,2.206237,2.206097,2.220775,2.200816]"
3,moe_sparse,sym,end_to_end,4.7758845,4.88576155,"[4.78637,4.897273,4.764598,4.758236,4.779397,4.872595,4.768005,4.768005,4.820666,4.873628,4.788645,4.743167,4.767184,4.846876,4.745,4.75,4.779656,4.837448,4.774968,4.800277,4.776801,4.837688,4.750762,4.751783,4.75504,4.895689,4.732777,4.734741,4.753788,4.835233]"
3,moe_sparse,sym,transfer,2.1965779999999997,2.2183998000000003,"[2.225975,2.196798,2.198432,2.18706,2.211326,2.186349,2.190136,2.196358,2.198582,2.210675,2.190296,2.183363,2.19219,2.203321,2.202209,2.192199,2.187812,2.197761,2.216266,2.19227,2.195216,2.185908,2.189555,2.216807,2.201227,2.199824,2.184625,2.219703,2.189735,2.200756]"
3,moe_sparse,inductor,end_to_end,4.443142,4.4799858,"[4.470916,4.445357,4.438654,4.44216,4.463942,4.48389,4.471807,4.472789,4.464774,4.438444,4.418535,4.462088,4.440267,4.433434,4.427352,4.443643,4.450606,4.44682,4.427412,4.45761,4.448793,4.437291,4.429456,4.424897,4.475214,4.442641,4.42139,4.420368,4.427732,5.345802]"
3,moe_sparse,inductor,transfer,1.8482604999999999,1.8731977,"[1.869241,1.859112,1.848391,1.84813,1.854993,1.878078,1.849954,1.845445,1.849734,1.845375,1.853371,1.853351,1.857598,1.876435,1.840877,1.850876,1.846758,1.859633,1.835747,1.836979,1.846408,1.846437,1.858089,1.845777,1.841738,1.838543,1.83209,1.846378,1.859623,1.845325]"
3,moe_sparse,torch,end_to_end,3.206037,3.2499788,"[3.207435,3.197876,3.255728,3.22032,3.209769,3.201944,3.216592,3.213246,3.180063,3.176075,3.210761,3.223876,3.176486,3.16805,3.204639,3.221953,3.180914,3.172308,3.212835,3.233375,3.166707,3.158792,3.196764,3.212024,3.21527,3.175503,3.242952,3.185172,3.199971,3.365047]"
3,moe_sparse,torch,transfer,2.0934660000000003,2.11812525,"[2.11932,2.104782,2.089413,2.093541,2.092519,2.100514,2.090826,2.094072,2.0932,2.116665,2.093391,2.09309,2.529416,2.089303,2.116004,2.096145,2.090836,2.089082,2.099342,2.08764,2.090235,2.094092,2.089203,2.108269,2.094112,2.08758,2.091217,2.105915,2.093611,2.092118]"
3,moe_dense,sym_inductor,end_to_end,17.214137,17.36865495,"[17.396496,17.323667,17.201874,17.153871,17.302647,17.332274,17.194761,17.211102,17.287057,17.249786,17.159403,17.10084,17.218595,17.227162,17.123874,17.173248,17.243794,17.245567,17.138452,17.095991,17.270003,17.406996,17.138131,17.129395,17.256017,17.334627,17.109076,17.114866,17.190541,17.217172]"
3,moe_dense,sym_inductor,transfer,7.2169360000000005,7.2645323,"[7.275083,7.248452,7.237931,7.231148,7.214776,7.208145,7.199969,7.210629,7.223122,7.186703,7.186793,7.18998,7.198215,7.200049,7.181573,7.217802,7.18488,7.244915,7.251637,7.223594,7.21607,7.222521,7.191903,7.221219,7.220127,7.221049,7.205409,7.275704,7.214947,7.234205]"
3,moe_dense,sym,end_to_end,18.202745,18.5351757,"[18.278285,18.243178,18.276481,17.985575,18.209854,18.269849,18.215104,18.075126,18.220595,18.250963,18.1342,18.002737,18.180217,18.224803,18.187501,18.063273,18.264148,18.22355,18.132726,18.055678,18.176369,18.81908,18.266081,18.745359,18.236114,18.166841,18.107218,17.967469,18.181398,18.195636]"
3,moe_dense,sym,transfer,7.2046075,7.2482185,"[7.257709,7.257719,7.229835,7.224004,7.205389,7.194708,7.214696,7.186964,7.210879,7.208314,7.191653,7.209767,7.215238,7.217362,7.21128,7.199347,7.180552,7.203826,7.17965,7.197724,7.191262,7.192975,7.236619,7.201181,7.181323,7.194418,7.209327,7.176303,7.208335,7.195641]"
3,moe_dense,inductor,end_to_end,16.5864495,16.71708735,"[16.706595,16.589521,16.485542,16.735321,16.644226,16.602055,16.513526,16.701796,16.669824,16.479581,16.467568,16.618385,16.581475,16.598017,16.478958,16.659755,16.583378,16.499238,16.473037,16.553542,16.602235,16.725672,16.448421,16.625861,16.629707,16.47941,16.450133,16.579301,16.590783,16.45871]"
3,moe_dense,inductor,transfer,7.150193,7.17666815,"[7.22704,7.156135,7.151606,7.144372,7.147989,7.133331,7.14878,7.137749,7.154512,7.167436,7.153249,7.160002,7.171805,7.134784,7.117421,7.158249,7.154462,7.154481,7.140975,7.154191,7.153941,7.172987,7.144683,7.134914,7.141587,7.14829,7.123412,7.17968,7.109846,7.134012]"
3,moe_dense,torch,end_to_end,10.650701999999999,10.70170105,"[10.664834,10.684352,10.692708,10.681336,10.649675,10.673411,10.667439,10.662259,10.627063,10.629216,10.709059,10.669444,10.64172,10.649875,10.647491,10.671307,10.617303,10.609889,10.606082,10.648653,10.630088,10.658633,10.724458,10.661307,10.629607,10.651529,10.658362,10.619007,10.594238,10.611733]"
3,moe_dense,torch,transfer,8.129534,8.160488299999999,"[8.12991,8.131612,8.141272,8.128768,8.106174,8.150369,8.481884,8.121153,8.145248,8.111685,8.134488,8.125201,8.121714,8.1564,8.132915,8.109911,8.157282,8.125481,8.119499,8.158714,8.119159,8.131593,8.120922,8.16194,8.132103,8.110682,8.144898,8.129158,8.115231,8.092648]"
