request,path,chunk,cpu_union_ns,dma_start_ns,dma_end_ns,correlation_id,bytes,next_transform_overlap_ns
25,indexed222/ring1,0,"[[6094894,7928336]]",7980807,8062790,821,1048576,0
25,indexed222/ring1,1,"[[8081306,8613754]]",8643585,8725664,829,1048576,0
25,indexed222/ring1,2,"[[8741516,8958968]]",8984958,9066845,837,1048576,0
25,indexed222/ring1,3,"[[9080158,9304262]]",9325723,9407642,845,1048576,0
25,indexed222/ring1,4,"[[9421534,9609711]]",9631544,9713495,853,1048576,0
25,indexed222/ring1,5,"[[9726171,9906222]]",9926869,10008757,861,1048576,0
25,indexed222/ring1,6,"[[10022272,10208435]]",10230771,10312658,869,1048576,0
25,indexed222/ring1,7,"[[10326388,10493635]]",10516080,10597936,877,1048576,0
25,indexed222/ring1,8,"[[10610807,10779076]]",10800014,10881933,885,1048576,0
25,indexed222/ring1,9,"[[10894955,11054497]]",11075851,11157739,893,1048576,0
25,indexed222/ring1,10,"[[11172391,11330460]]",11351529,11433352,901,1048576,0
25,indexed222/ring1,11,"[[11446830,11601133]]",11620198,11702118,909,1048576,0
25,indexed222/ring1,12,"[[11715028,11868820]]",11888836,11970659,917,1048576,0
25,indexed222/ring1,13,"[[11983818,12148209]]",12169922,12251841,925,1048576,0
25,indexed222/ring1,14,"[[12265601,12424542]]",12444383,12526238,933,1048576,0
25,indexed222/ring1,15,"[[12539360,12698411]]",12718525,12800412,941,1048576,0
30,indexed222/ring2,0,"[[2058840,4980053]]",5060182,5142038,1596,1048576,52017
30,indexed222/ring2,1,"[[5090021,5323253]]",5349236,5431283,1601,1048576,52996
30,indexed222/ring2,2,"[[5378287,5610627]]",5639089,5720880,1609,1048576,59387
30,indexed222/ring2,3,"[[5661493,5872373]]",5893231,5975118,1617,1048576,62639
30,indexed222/ring2,4,"[[5912479,6112818]]",6134669,6216492,1625,1048576,63828
30,indexed222/ring2,5,"[[6152664,6347062]]",6369323,6451210,1633,1048576,63631
30,indexed222/ring2,6,"[[6387579,6579051]]",6604745,6686536,1641,1048576,60516
30,indexed222/ring2,7,"[[6626020,6803767]]",6824583,6906566,1649,1048576,59778
30,indexed222/ring2,8,"[[6846788,7021810]]",7042821,7124644,1657,1048576,62718
30,indexed222/ring2,9,"[[7061926,7243911]]",7264963,7346818,1665,1048576,62441
30,indexed222/ring2,10,"[[7284377,7452896]]",7477889,7559680,1673,1048576,62820
30,indexed222/ring2,11,"[[7496860,7681359]]",7703999,7785822,1681,1048576,62523
30,indexed222/ring2,12,"[[7723299,7897709]]",7919325,8001084,1689,1048576,63800
30,indexed222/ring2,13,"[[7937284,8116964]]",8139259,8221050,1697,1048576,63078
30,indexed222/ring2,14,"[[8157972,8331871]]",8353529,8435384,1705,1048576,62916
30,indexed222/ring2,15,"[[8372468,8550215]]",8575223,8657142,1713,1048576,0
